公司代码,公司简称,公司全称
000001,平安银行,平安银行股份有限公司
000002,万 科Ａ,万科企业股份有限公司
000004,国农科技,深圳中国农大科技股份有限公司
000005,世纪星源,深圳世纪星源股份有限公司
000006,深振业Ａ,深圳市振业(集团)股份有限公司
000007,全新好,深圳市全新好股份有限公司
000008,神州高铁,神州高铁技术股份有限公司
000009,中国宝安,中国宝安集团股份有限公司
000010,美丽生态,深圳美丽生态股份有限公司
000011,深物业A,深圳市物业发展(集团)股份有限公司
000012,南 玻Ａ,中国南玻集团股份有限公司
000014,沙河股份,沙河实业股份有限公司
000016,深康佳Ａ,康佳集团股份有限公司
000017,深中华A,深圳中华自行车(集团)股份有限公司
000018,神州长城,神州长城股份有限公司
000019,深深宝Ａ,深圳市深宝实业股份有限公司
000020,深华发Ａ,深圳中恒华发股份有限公司
000021,深科技,深圳长城开发科技股份有限公司
000022,深赤湾Ａ,深圳赤湾港航股份有限公司
000023,深天地Ａ,深圳市天地(集团)股份有限公司
000025,特 力Ａ,深圳市特力(集团)股份有限公司
000026,飞亚达Ａ,飞亚达（集团）股份有限公司
000027,深圳能源,深圳能源集团股份有限公司
000028,国药一致,国药集团一致药业股份有限公司
000029,深深房Ａ,深圳经济特区房地产(集团)股份有限公司
000030,富奥股份,富奥汽车零部件股份有限公司
000031,中粮地产,中粮地产（集团）股份有限公司
000032,深桑达Ａ,深圳市桑达实业股份有限公司
000033,*ST新都,深圳新都酒店股份有限公司
000034,神州数码,神州数码集团股份有限公司
000035,中国天楹,中国天楹股份有限公司
000036,华联控股,华联控股股份有限公司
000037,*ST南电A,深圳南山热电股份有限公司
000038,深大通,深圳大通实业股份有限公司
000039,中集集团,中国国际海运集装箱(集团)股份有限公司
000040,宝安地产,宝安鸿基地产集团股份有限公司
000042,中洲控股,深圳市中洲投资控股股份有限公司
000043,中航地产,中航地产股份有限公司
000045,深纺织Ａ,深圳市纺织(集团)股份有限公司
000046,泛海控股,泛海控股股份有限公司
000048,康达尔,深圳市康达尔(集团)股份有限公司
000049,德赛电池,深圳市德赛电池科技股份有限公司
000050,深天马Ａ,天马微电子股份有限公司
000053,深基地Ｂ,深圳赤湾石油基地股份有限公司
000054,建摩B,重庆建设摩托车股份有限公司
000055,方大集团,方大集团股份有限公司
000056,皇庭国际,深圳市皇庭国际企业股份有限公司
000058,深 赛 格,深圳赛格股份有限公司
000059,华锦股份,北方华锦化学工业股份有限公司
000060,中金岭南,深圳市中金岭南有色金属股份有限公司
000061,农 产 品,深圳市农产品股份有限公司
000062,深圳华强,深圳华强实业股份有限公司
000063,中兴通讯,中兴通讯股份有限公司
000065,北方国际,北方国际合作股份有限公司
000066,长城电脑,中国长城计算机深圳股份有限公司
000068,华控赛格,深圳华控赛格股份有限公司
000069,华侨城Ａ,深圳华侨城股份有限公司
000070,特发信息,深圳市特发信息股份有限公司
000078,海王生物,深圳市海王生物工程股份有限公司
000088,盐 田 港,深圳市盐田港股份有限公司
000089,深圳机场,深圳市机场股份有限公司
000090,天健集团,深圳市天健(集团)股份有限公司
000096,广聚能源,深圳市广聚能源股份有限公司
000099,中信海直,中信海洋直升机股份有限公司
000100,TCL 集团,TCL集团股份有限公司
000150,宜华健康,宜华健康医疗股份有限公司
000151,中成股份,中成进出口股份有限公司
000152,山 航Ｂ,山东航空股份有限公司
000153,丰原药业,安徽丰原药业股份有限公司
000155,*ST川化,川化股份有限公司
000156,华数传媒,华数传媒控股股份有限公司
000157,中联重科,中联重科股份有限公司
000158,常山股份,石家庄常山纺织股份有限公司
000159,国际实业,新疆国际实业股份有限公司
000160,南江B,承德南江股份有限公司
000166,申万宏源,申万宏源集团股份有限公司
000168,舜喆B,广东舜喆（集团）股份有限公司
000301,东方市场,江苏吴江中国东方丝绸市场股份有限公司
000333,美的集团,美的集团股份有限公司
000338,潍柴动力,潍柴动力股份有限公司
000400,许继电气,许继电气股份有限公司
000401,冀东水泥,唐山冀东水泥股份有限公司
000402,金 融 街,金融街控股股份有限公司
000403,ST生化,振兴生化股份有限公司
000404,华意压缩,华意压缩机股份有限公司
000407,胜利股份,山东胜利股份有限公司
000408,*ST金源,金谷源控股股份有限公司
000409,山东地矿,山东地矿股份有限公司
000410,沈阳机床,沈阳机床股份有限公司
000411,英特集团,浙江英特集团股份有限公司
000413,东旭光电,东旭光电科技股份有限公司
000415,渤海金控,渤海金控投资股份有限公司
000416,民生控股,民生控股股份有限公司
000417,合肥百货,合肥百货大楼集团股份有限公司
000418,小天鹅Ａ,无锡小天鹅股份有限公司
000419,通程控股,长沙通程控股股份有限公司
000420,吉林化纤,吉林化纤股份有限公司
000421,南京公用,南京公用发展股份有限公司
000422,湖北宜化,湖北宜化化工股份有限公司
000423,东阿阿胶,山东东阿阿胶股份有限公司
000425,徐工机械,徐工集团工程机械股份有限公司
000426,兴业矿业,内蒙古兴业矿业股份有限公司
000428,华天酒店,华天酒店集团股份有限公司
000429,粤高速Ａ,广东省高速公路发展股份有限公司
000430,张家界,张家界旅游集团股份有限公司
000468,*ST宁通B,南京普天通信股份有限公司
000488,晨鸣纸业,山东晨鸣纸业集团股份有限公司
000498,山东路桥,山东高速路桥集团股份有限公司
000501,鄂武商Ａ,武汉武商集团股份有限公司
000502,绿景控股,绿景控股股份有限公司
000503,海虹控股,海虹企业(控股)股份有限公司
000504,*ST生物,南华生物医药股份有限公司
000505,*ST珠江,海南珠江控股股份有限公司
000506,中润资源,中润资源投资股份有限公司
000507,珠海港,珠海港股份有限公司
000509,华塑控股,华塑控股股份有限公司
000510,金路集团,四川金路集团股份有限公司
000511,*ST烯碳,银基烯碳新材料股份有限公司
000512,闽灿坤Ｂ,厦门灿坤实业股份有限公司
000513,丽珠集团,丽珠医药集团股份有限公司
000514,渝 开 发,重庆渝开发股份有限公司
000516,国际医学,西安国际医学投资股份有限公司
000517,荣安地产,荣安地产股份有限公司
000518,四环生物,江苏四环生物股份有限公司
000519,江南红箭,湖南江南红箭股份有限公司
000520,长航凤凰,长航凤凰股份有限公司
000521,美菱电器,合肥美菱股份有限公司
000523,广州浪奇,广州市浪奇实业股份有限公司
000524,岭南控股,广州岭南集团控股股份有限公司
000525,红 太 阳,南京红太阳股份有限公司
000526,银润投资,厦门银润投资股份有限公司
000528,柳 工,广西柳工机械股份有限公司
000529,广弘控股,广东广弘控股股份有限公司
000530,大冷股份,大连冷冻机股份有限公司
000531,穗恒运Ａ,广州恒运企业集团股份有限公司
000532,力合股份,力合股份有限公司
000533,万 家 乐,广东万家乐股份有限公司
000534,万泽股份,万泽实业股份有限公司
000536,华映科技,华映科技（集团）股份有限公司
000537,广宇发展,天津广宇发展股份有限公司
000538,云南白药,云南白药集团股份有限公司
000539,粤电力Ａ,广东电力发展股份有限公司
000540,中天城投,中天城投集团股份有限公司
000541,佛山照明,佛山电器照明股份有限公司
000543,皖能电力,安徽省皖能股份有限公司
000544,中原环保,中原环保股份有限公司
000545,金浦钛业,吉林金浦钛业股份有限公司
000546,金圆股份,金圆水泥股份有限公司
000547,航天发展,航天工业发展股份有限公司
000548,湖南投资,湖南投资集团股份有限公司
000550,江铃汽车,江铃汽车股份有限公司
000551,创元科技,创元科技股份有限公司
000552,靖远煤电,甘肃靖远煤电股份有限公司
000553,沙隆达Ａ,湖北沙隆达股份有限公司
000554,泰山石油,中国石化山东泰山石油股份有限公司
000555,神州信息,神州数码信息服务股份有限公司
000557,西部创业,宁夏西部创业实业股份有限公司
000558,莱茵体育,莱茵达体育发展股份有限公司
000559,万向钱潮,万向钱潮股份有限公司
000560,昆百大Ａ,昆明百货大楼(集团)股份有限公司
000561,烽火电子,陕西烽火电子股份有限公司
000563,陕国投Ａ,陕西省国际信托股份有限公司
000564,西安民生,西安民生集团股份有限公司
000565,渝三峡Ａ,重庆三峡油漆股份有限公司
000566,海南海药,海南海药股份有限公司
000567,海德股份,海南海德实业股份有限公司
000568,泸州老窖,泸州老窖股份有限公司
000570,苏常柴Ａ,常柴股份有限公司
000571,新大洲Ａ,新大洲控股股份有限公司
000572,海马汽车,海马汽车集团股份有限公司
000573,粤宏远Ａ,东莞宏远工业区股份有限公司
000576,广东甘化,江门甘蔗化工厂(集团)股份有限公司
000581,威孚高科,无锡威孚高科技集团股份有限公司
000582,北部湾港,北部湾港股份有限公司
000584,友利控股,江苏友利投资控股股份有限公司
000585,东北电气,东北电气发展股份有限公司
000586,汇源通信,四川汇源光通信股份有限公司
000587,金洲慈航,金洲慈航集团股份有限公司
000589,黔轮胎Ａ,贵州轮胎股份有限公司
000590,启迪古汉,启迪古汉集团股份有限公司
000591,太阳能,中节能太阳能股份有限公司
000592,平潭发展,中福海峡（平潭）发展股份有限公司
000593,大通燃气,四川大通燃气开发股份有限公司
000595,宝塔实业,宝塔实业股份有限公司
000596,古井贡酒,安徽古井贡酒股份有限公司
000597,东北制药,东北制药集团股份有限公司
000598,兴蓉环境,成都市兴蓉环境股份有限公司
000599,青岛双星,青岛双星股份有限公司
000600,建投能源,河北建投能源投资股份有限公司
000601,韶能股份,广东韶能集团股份有限公司
000603,盛达矿业,盛达矿业股份有限公司
000605,渤海股份,渤海水业股份有限公司
000606,*ST易桥,神州易桥信息服务股份有限公司
000607,华媒控股,浙江华媒控股股份有限公司
000608,阳光股份,阳光新业地产股份有限公司
000609,绵世股份,北京绵世投资集团股份有限公司
000610,西安旅游,西安旅游股份有限公司
000611,*ST蒙发,内蒙古敕勒川科技发展股份有限公司
000612,焦作万方,焦作万方铝业股份有限公司
000613,大东海A,海南大东海旅游中心股份有限公司
000615,京汉股份,京汉实业投资股份有限公司
000616,海航投资,海航投资集团股份有限公司
000617,*ST济柴,济南柴油机股份有限公司
000619,海螺型材,芜湖海螺型材科技股份有限公司
000620,新华联,新华联不动产股份有限公司
000622,*ST恒立,恒立实业发展集团股份有限公司
000623,吉林敖东,吉林敖东药业集团股份有限公司
000625,长安汽车,重庆长安汽车股份有限公司
000626,如意集团,连云港如意集团股份有限公司
000627,天茂集团,天茂实业集团股份有限公司
000628,高新发展,成都高新发展股份有限公司
000629,*ST钒钛,攀钢集团钒钛资源股份有限公司
000630,铜陵有色,铜陵有色金属集团股份有限公司
000631,顺发恒业,顺发恒业股份公司
000632,三木集团,福建三木集团股份有限公司
000633,*ST合金,沈阳合金投资股份有限公司
000635,英 力 特,宁夏英力特化工股份有限公司
000636,风华高科,广东风华高新科技股份有限公司
000637,茂化实华,茂名石化实华股份有限公司
000638,万方发展,万方城镇投资发展股份有限公司
000639,西王食品,西王食品股份有限公司
000650,仁和药业,仁和药业股份有限公司
000651,格力电器,珠海格力电器股份有限公司
000652,泰达股份,天津泰达股份有限公司
000655,金岭矿业,山东金岭矿业股份有限公司
000656,金科股份,金科地产集团股份有限公司
000657,中钨高新,中钨高新材料股份有限公司
000659,珠海中富,珠海中富实业股份有限公司
000661,长春高新,长春高新技术产业（集团）股份有限公司
000662,天夏智慧,天夏智慧城市科技股份有限公司
000663,永安林业,福建省永安林业(集团)股份有限公司
000665,湖北广电,湖北省广播电视信息网络股份有限公司
000666,经纬纺机,经纬纺织机械股份有限公司
000667,美好集团,美好置业集团股份有限公司
000668,荣丰控股,荣丰控股集团股份有限公司
000669,金鸿能源,中油金鸿能源投资股份有限公司
000670,*ST盈方,盈方微电子股份有限公司
000671,阳 光 城,阳光城集团股份有限公司
000672,上峰水泥,甘肃上峰水泥股份有限公司
000673,当代东方,当代东方投资股份有限公司
000676,智度投资,智度投资股份有限公司
000677,恒天海龙,恒天海龙股份有限公司
000678,襄阳轴承,襄阳汽车轴承股份有限公司
000679,大连友谊,大连友谊(集团)股份有限公司
000680,山推股份,山推工程机械股份有限公司
000681,视觉中国,视觉（中国）文化发展股份有限公司
000682,东方电子,东方电子股份有限公司
000683,远兴能源,内蒙古远兴能源股份有限公司
000685,中山公用,中山公用事业集团股份有限公司
000686,东北证券,东北证券股份有限公司
000687,华讯方舟,华讯方舟股份有限公司
000688,建新矿业,建新矿业股份有限责任公司
000690,宝新能源,广东宝丽华新能源股份有限公司
000691,ST亚太,海南亚太实业发展股份有限公司
000692,惠天热电,沈阳惠天热电股份有限公司
000693,ST华泽,成都华泽钴镍材料股份有限公司
000695,滨海能源,天津滨海能源发展股份有限公司
000697,炼石有色,陕西炼石有色资源股份有限公司
000698,沈阳化工,沈阳化工股份有限公司
000700,模塑科技,江南模塑科技股份有限公司
000701,厦门信达,厦门信达股份有限公司
000702,正虹科技,湖南正虹科技发展股份有限公司
000703,恒逸石化,恒逸石化股份有限公司
000705,浙江震元,浙江震元股份有限公司
000706,*ST瓦轴B,瓦房店轴承股份有限公司
000707,双环科技,湖北双环科技股份有限公司
000708,大冶特钢,大冶特殊钢股份有限公司
000709,河钢股份,河钢股份有限公司
000710,天兴仪表,成都天兴仪表股份有限公司
000711,京蓝科技,黑龙江京蓝科技股份有限公司
000712,锦龙股份,广东锦龙发展股份有限公司
000713,丰乐种业,合肥丰乐种业股份有限公司
000715,中兴商业,中兴-沈阳商业大厦(集团)股份有限公司
000716,黑芝麻,南方黑芝麻集团股份有限公司
000717,*ST韶钢,广东韶钢松山股份有限公司
000718,苏宁环球,苏宁环球股份有限公司
000719,大地传媒,中原大地传媒股份有限公司
000720,新能泰山,山东新能泰山发电股份有限公司
000721,西安饮食,西安饮食股份有限公司
000722,湖南发展,湖南发展集团股份有限公司
000723,美锦能源,山西美锦能源股份有限公司
000725,京东方Ａ,京东方科技集团股份有限公司
000726,鲁 泰Ａ,鲁泰纺织股份有限公司
000727,华东科技,南京华东电子信息科技股份有限公司
000728,国元证券,国元证券股份有限公司
000729,燕京啤酒,北京燕京啤酒股份有限公司
000731,四川美丰,四川美丰化工股份有限公司
000732,泰禾集团,泰禾集团股份有限公司
000733,振华科技,中国振华(集团)科技股份有限公司
000735,罗 牛 山,罗牛山股份有限公司
000736,中房地产,中房地产股份有限公司
000737,南风化工,南风化工集团股份有限公司
000738,中航动控,中航动力控制股份有限公司
000739,普洛药业,普洛药业股份有限公司
000748,长城信息,长城信息产业股份有限公司
000750,国海证券,国海证券股份有限公司
000751,锌业股份,葫芦岛锌业股份有限公司
000752,西藏发展,西藏银河科技发展股份有限公司
000753,漳州发展,福建漳州发展股份有限公司
000755,山西三维,山西三维集团股份有限公司
000756,新华制药,山东新华制药股份有限公司
000757,浩物股份,四川浩物机电股份有限公司
000758,中色股份,中国有色金属建设股份有限公司
000759,中百集团,中百控股集团股份有限公司
000760,斯太尔,斯太尔动力股份有限公司
000761,本钢板材,本钢板材股份有限公司
000762,西藏矿业,西藏矿业发展股份有限公司
000766,通化金马,通化金马药业集团股份有限公司
000767,漳泽电力,山西漳泽电力股份有限公司
000768,中航飞机,中航飞机股份有限公司
000771,杭汽轮Ｂ,杭州汽轮机股份有限公司
000776,广发证券,广发证券股份有限公司
000777,中核科技,中核苏阀科技实业股份有限公司
000778,新兴铸管,新兴铸管股份有限公司
000779,三毛派神,兰州三毛实业股份有限公司
000780,平庄能源,内蒙古平庄能源股份有限公司
000782,美达股份,广东新会美达锦纶股份有限公司
000783,长江证券,长江证券股份有限公司
000785,武汉中商,武汉中商集团股份有限公司
000786,北新建材,北新集团建材股份有限公司
000788,北大医药,北大医药股份有限公司
000789,万年青,江西万年青水泥股份有限公司
000790,华神集团,成都华神集团股份有限公司
000791,甘肃电投,甘肃电投能源发展股份有限公司
000792,盐湖股份,青海盐湖工业股份有限公司
000793,华闻传媒,华闻传媒投资集团股份有限公司
000795,英洛华,英洛华科技股份有限公司
000796,凯撒旅游,海航凯撒旅游集团股份有限公司
000797,中国武夷,中国武夷实业股份有限公司
000798,中水渔业,中水集团远洋股份有限公司
000799,酒鬼酒,酒鬼酒股份有限公司
000800,一汽轿车,一汽轿车股份有限公司
000801,四川九洲,四川九洲电器股份有限公司
000802,北京文化,北京京西文化旅游股份有限公司
000803,金宇车城,四川金宇汽车城(集团)股份有限公司
000806,银河生物,北海银河生物产业投资股份有限公司
000807,云铝股份,云南铝业股份有限公司
000809,铁岭新城,铁岭新城投资控股股份有限公司
000810,创维数字,创维数字股份有限公司
000811,烟台冰轮,烟台冰轮股份有限公司
000812,陕西金叶,陕西金叶科教集团股份有限公司
000813,天山纺织,新疆天山毛纺织股份有限公司
000815,美利纸业,中冶美利纸业股份有限公司
000816,智慧农业,江苏农华智慧农业科技股份有限公司
000818,方大化工,方大锦化化工科技股份有限公司
000819,岳阳兴长,岳阳兴长石化股份有限公司
000820,金城股份,金城造纸股份有限公司
000821,京山轻机,湖北京山轻工机械股份有限公司
000822,山东海化,山东海化股份有限公司
000823,超声电子,广东汕头超声电子股份有限公司
000825,太钢不锈,山西太钢不锈钢股份有限公司
000826,启迪桑德,启迪桑德环境资源股份有限公司
000828,东莞控股,东莞发展控股股份有限公司
000829,天音控股,天音通信控股股份有限公司
000830,鲁西化工,鲁西化工集团股份有限公司
000831,*ST五稀,五矿稀土股份有限公司
000833,贵糖股份,广西贵糖（集团）股份有限公司
000835,长城动漫,长城国际动漫游戏股份有限公司
000836,鑫茂科技,天津鑫茂科技股份有限公司
000837,秦川机床,秦川机床工具集团股份公司
000838,财信发展,财信国兴地产发展股份有限公司
000839,中信国安,中信国安信息产业股份有限公司
000848,承德露露,河北承德露露股份有限公司
000850,华茂股份,安徽华茂纺织股份有限公司
000851,高鸿股份,大唐高鸿数据网络技术股份有限公司
000852,石化机械,中石化石油机械股份有限公司
000856,*ST冀装,唐山冀东装备工程股份有限公司
000858,五 粮 液,宜宾五粮液股份有限公司
000859,国风塑业,安徽国风塑业股份有限公司
000860,顺鑫农业,北京顺鑫农业股份有限公司
000861,海印股份,广东海印集团股份有限公司
000862,银星能源,宁夏银星能源股份有限公司
000863,三湘股份,三湘股份有限公司
000868,安凯客车,安徽安凯汽车股份有限公司
000869,张 裕Ａ,烟台张裕葡萄酿酒股份有限公司
000875,吉电股份,吉林电力股份有限公司
000876,新 希 望,新希望六和股份有限公司
000877,天山股份,新疆天山水泥股份有限公司
000878,云南铜业,云南铜业股份有限公司
000880,潍柴重机,潍柴重机股份有限公司
000881,大连国际,中国大连国际合作（集团）股份有限公司
000882,华联股份,北京华联商厦股份有限公司
000883,湖北能源,湖北能源集团股份有限公司
000885,同力水泥,河南同力水泥股份有限公司
000886,海南高速,海南高速公路股份有限公司
000887,中鼎股份,安徽中鼎密封件股份有限公司
000888,峨眉山Ａ,峨眉山旅游股份有限公司
000889,茂业通信,茂业通信网络股份有限公司
000890,法 尔 胜,江苏法尔胜股份有限公司
000892,星美联合,星美联合股份有限公司
000893,东凌国际,广州东凌国际投资股份有限公司
000895,双汇发展,河南双汇投资发展股份有限公司
000897,津滨发展,天津津滨发展股份有限公司
000898,鞍钢股份,鞍钢股份有限公司
000899,赣能股份,江西赣能股份有限公司
000900,现代投资,现代投资股份有限公司
000901,航天科技,航天科技控股集团股份有限公司
000902,新洋丰,湖北新洋丰肥业股份有限公司
000903,云内动力,昆明云内动力股份有限公司
000905,厦门港务,厦门港务发展股份有限公司
000906,物产中拓,物产中拓股份有限公司
000908,景峰医药,湖南景峰医药股份有限公司
000909,数源科技,数源科技股份有限公司
000910,大亚科技,大亚科技股份有限公司
000911,南宁糖业,南宁糖业股份有限公司
000912,泸天化,四川泸天化股份有限公司
000913,*ST钱江,浙江钱江摩托股份有限公司
000915,山大华特,山东山大华特科技股份有限公司
000916,华北高速,华北高速公路股份有限公司
000917,电广传媒,湖南电广传媒股份有限公司
000918,嘉凯城,嘉凯城集团股份有限公司
000919,金陵药业,金陵药业股份有限公司
000920,南方汇通,南方汇通股份有限公司
000921,海信科龙,海信科龙电器股份有限公司
000922,佳电股份,哈尔滨电气集团佳木斯电机股份有限公司
000923,河北宣工,河北宣化工程机械股份有限公司
000925,众合科技,浙江众合科技股份有限公司
000926,福星股份,湖北福星科技股份有限公司
000927,一汽夏利,天津一汽夏利汽车股份有限公司
000928,中钢国际,中钢国际工程技术股份有限公司
000929,兰州黄河,兰州黄河企业股份有限公司
000930,中粮生化,中粮生物化学（安徽）股份有限公司
000931,中 关 村,北京中关村科技发展(控股)股份有限公司
000932,华菱钢铁,湖南华菱钢铁股份有限公司
000933,*ST神火,河南神火煤电股份有限公司
000935,四川双马,四川双马水泥股份有限公司
000936,华西股份,江苏华西村股份有限公司
000937,冀中能源,冀中能源股份有限公司
000938,紫光股份,紫光股份有限公司
000939,凯迪生态,凯迪生态环境科技股份有限公司
000948,南天信息,云南南天电子信息产业股份有限公司
000949,新乡化纤,新乡化纤股份有限公司
000950,*ST建峰,重庆建峰化工股份有限公司
000951,中国重汽,中国重汽集团济南卡车股份有限公司
000952,广济药业,湖北广济药业股份有限公司
000953,河池化工,广西河池化工股份有限公司
000955,欣龙控股,欣龙控股（集团）股份有限公司
000957,中通客车,中通客车控股股份有限公司
000958,东方能源,石家庄东方能源股份有限公司
000959,首钢股份,北京首钢股份有限公司
000960,锡业股份,云南锡业股份有限公司
000961,中南建设,江苏中南建设集团股份有限公司
000962,*ST东钽,宁夏东方钽业股份有限公司
000963,华东医药,华东医药股份有限公司
000965,天保基建,天津天保基建股份有限公司
000966,长源电力,国电长源电力股份有限公司
000967,盈峰环境,盈峰环境科技集团股份有限公司
000968,*ST煤气,太原煤气化股份有限公司
000969,安泰科技,安泰科技股份有限公司
000970,中科三环,北京中科三环高技术股份有限公司
000971,高升控股,高升控股股份有限公司
000972,中基健康,中基健康产业股份有限公司
000973,佛塑科技,佛山佛塑科技集团股份有限公司
000975,银泰资源,银泰资源股份有限公司
000976,春晖股份,广东开平春晖股份有限公司
000977,浪潮信息,浪潮电子信息产业股份有限公司
000978,桂林旅游,桂林旅游股份有限公司
000979,中弘股份,中弘控股股份有限公司
000980,金马股份,黄山金马股份有限公司
000981,银亿股份,银亿房地产股份有限公司
000982,中银绒业,宁夏中银绒业股份有限公司
000983,西山煤电,山西西山煤电股份有限公司
000985,大庆华科,大庆华科股份有限公司
000986,粤华包Ｂ,佛山华新包装股份有限公司
000987,广州友谊,广州友谊集团股份有限公司
000988,华工科技,华工科技产业股份有限公司
000989,九 芝 堂,九芝堂股份有限公司
000990,诚志股份,诚志股份有限公司
000992,中 鲁Ｂ,山东省中鲁远洋渔业股份有限公司
000993,闽东电力,福建闽东电力股份有限公司
000995,*ST皇台,甘肃皇台酒业股份有限公司
000996,中国中期,中国中期投资股份有限公司
000997,新 大 陆,福建新大陆电脑股份有限公司
000998,隆平高科,袁隆平农业高科技股份有限公司
000999,华润三九,华润三九医药股份有限公司
001696,宗申动力,重庆宗申动力机械股份有限公司
001896,豫能控股,河南豫能控股股份有限公司
001979,招商蛇口,招商局蛇口工业区控股股份有限公司
002001,新 和 成,浙江新和成股份有限公司
002002,鸿达兴业,鸿达兴业股份有限公司
002003,伟星股份,浙江伟星实业发展股份有限公司
002004,华邦健康,华邦生命健康股份有限公司
002005,德豪润达,广东德豪润达电气股份有限公司
002006,精功科技,浙江精功科技股份有限公司
002007,华兰生物,华兰生物工程股份有限公司
002008,大族激光,大族激光科技产业集团股份有限公司
002009,天奇股份,天奇自动化工程股份有限公司
002010,传化股份,浙江传化股份有限公司
002011,盾安环境,浙江盾安人工环境股份有限公司
002012,凯恩股份,浙江凯恩特种材料股份有限公司
002013,中航机电,中航工业机电系统股份有限公司
002014,永新股份,黄山永新股份有限公司
002015,霞客环保,江苏霞客环保色纺股份有限公司
002016,世荣兆业,广东世荣兆业股份有限公司
002017,东信和平,东信和平科技股份有限公司
002018,华信国际,安徽华信国际控股股份有限公司
002019,亿帆鑫富,亿帆鑫富药业股份有限公司
002020,京新药业,浙江京新药业股份有限公司
002021,中捷资源,中捷资源投资股份有限公司
002022,科华生物,上海科华生物工程股份有限公司
002023,海特高新,四川海特高新技术股份有限公司
002024,苏宁云商,苏宁云商集团股份有限公司
002025,航天电器,贵州航天电器股份有限公司
002026,山东威达,山东威达机械股份有限公司
002027,分众传媒,分众传媒信息技术股份有限公司
002028,思源电气,思源电气股份有限公司
002029,七 匹 狼,福建七匹狼实业股份有限公司
002030,达安基因,中山大学达安基因股份有限公司
002031,巨轮智能,巨轮智能装备股份有限公司
002032,苏 泊 尔,浙江苏泊尔股份有限公司
002033,丽江旅游,丽江玉龙旅游股份有限公司
002034,美 欣 达,浙江美欣达印染集团股份有限公司
002035,华帝股份,华帝股份有限公司
002036,联创电子,联创电子科技股份有限公司
002037,久联发展,贵州久联民爆器材发展股份有限公司
002038,双鹭药业,北京双鹭药业股份有限公司
002039,黔源电力,贵州黔源电力股份有限公司
002040,南 京 港,南京港股份有限公司
002041,登海种业,山东登海种业股份有限公司
002042,华孚色纺,华孚色纺股份有限公司
002043,兔 宝 宝,德华兔宝宝装饰新材股份有限公司
002044,美年健康,美年大健康产业控股股份有限公司
002045,国光电器,国光电器股份有限公司
002046,轴研科技,洛阳轴研科技股份有限公司
002047,宝鹰股份,深圳市宝鹰建设控股集团股份有限公司
002048,宁波华翔,宁波华翔电子股份有限公司
002049,紫光国芯,紫光国芯股份有限公司
002050,三花股份,浙江三花股份有限公司
002051,中工国际,中工国际工程股份有限公司
002052,同洲电子,深圳市同洲电子股份有限公司
002053,云南盐化,云南盐化股份有限公司
002054,德美化工,广东德美精细化工股份有限公司
002055,得润电子,深圳市得润电子股份有限公司
002056,横店东磁,横店集团东磁股份有限公司
002057,中钢天源,中钢集团安徽天源科技股份有限公司
002058,威 尔 泰,上海威尔泰工业自动化股份有限公司
002059,云南旅游,云南旅游股份有限公司
002060,粤 水 电,广东水电二局股份有限公司
002061,*ST江化,浙江江山化工股份有限公司
002062,宏润建设,宏润建设集团股份有限公司
002063,远光软件,远光软件股份有限公司
002064,华峰氨纶,浙江华峰氨纶股份有限公司
002065,东华软件,东华软件股份公司
002066,瑞泰科技,瑞泰科技股份有限公司
002067,景兴纸业,浙江景兴纸业股份有限公司
002068,黑猫股份,江西黑猫炭黑股份有限公司
002069,*ST獐岛,獐子岛集团股份有限公司
002070,众和股份,福建众和股份有限公司
002071,长城影视,长城影视股份有限公司
002072,凯瑞德,凯瑞德控股股份有限公司
002073,软控股份,软控股份有限公司
002074,国轩高科,国轩高科股份有限公司
002075,沙钢股份,江苏沙钢股份有限公司
002076,雪 莱 特,广东雪莱特光电科技股份有限公司
002077,大港股份,江苏大港股份有限公司
002078,太阳纸业,山东太阳纸业股份有限公司
002079,苏州固锝,苏州固锝电子股份有限公司
002080,中材科技,中材科技股份有限公司
002081,金 螳 螂,苏州金螳螂建筑装饰股份有限公司
002082,栋梁新材,浙江栋梁新材股份有限公司
002083,孚日股份,孚日集团股份有限公司
002084,海鸥卫浴,广州海鸥卫浴用品股份有限公司
002085,万丰奥威,浙江万丰奥威汽轮股份有限公司
002086,东方海洋,山东东方海洋科技股份有限公司
002087,新野纺织,河南新野纺织股份有限公司
002088,鲁阳节能,山东鲁阳节能材料股份有限公司
002089,新 海 宜,苏州新海宜通信科技股份有限公司
002090,金智科技,江苏金智科技股份有限公司
002091,江苏国泰,江苏国泰国际集团国贸股份有限公司
002092,中泰化学,新疆中泰化学股份有限公司
002093,国脉科技,国脉科技股份有限公司
002094,青岛金王,青岛金王应用化学股份有限公司
002095,生 意 宝,浙江网盛生意宝股份有限公司
002096,南岭民爆,湖南南岭民用爆破器材股份有限公司
002097,山河智能,山河智能装备股份有限公司
002098,浔兴股份,福建浔兴拉链科技股份有限公司
002099,海翔药业,浙江海翔药业股份有限公司
002100,天康生物,天康生物股份有限公司
002101,广东鸿图,广东鸿图科技股份有限公司
002102,冠福股份,冠福控股股份有限公司
002103,广博股份,广博集团股份有限公司
002104,恒宝股份,恒宝股份有限公司
002105,信隆实业,深圳信隆实业股份有限公司
002106,莱宝高科,深圳莱宝高科技股份有限公司
002107,沃华医药,山东沃华医药科技股份有限公司
002108,沧州明珠,沧州明珠塑料股份有限公司
002109,*ST兴化,陕西兴化化学股份有限公司
002110,三钢闽光,福建三钢闽光股份有限公司
002111,威海广泰,威海广泰空港设备股份有限公司
002112,三变科技,三变科技股份有限公司
002113,天润控股,湖南天润实业控股股份有限公司
002114,罗平锌电,云南罗平锌电股份有限公司
002115,三维通信,三维通信股份有限公司
002116,中国海诚,中国海诚工程科技股份有限公司
002117,东港股份,东港股份有限公司
002118,紫鑫药业,吉林紫鑫药业股份有限公司
002119,康强电子,宁波康强电子股份有限公司
002120,新海股份,宁波新海电气股份有限公司
002121,科陆电子,深圳市科陆电子科技股份有限公司
002122,天马股份,天马轴承集团股份有限公司
002123,荣信股份,荣信电力电子股份有限公司
002124,天邦股份,宁波天邦股份有限公司
002125,湘潭电化,湘潭电化科技股份有限公司
002126,银轮股份,浙江银轮机械股份有限公司
002127,南极电商,南极电商股份有限公司
002128,露天煤业,内蒙古霍林河露天煤业股份有限公司
002129,中环股份,天津中环半导体股份有限公司
002130,沃尔核材,深圳市沃尔核材股份有限公司
002131,利欧股份,利欧集团股份有限公司
002132,恒星科技,河南恒星科技股份有限公司
002133,广宇集团,广宇集团股份有限公司
002134,天津普林,天津普林电路股份有限公司
002135,东南网架,浙江东南网架股份有限公司
002136,安 纳 达,安徽安纳达钛业股份有限公司
002137,麦达数字,深圳市麦达数字股份有限公司
002138,顺络电子,深圳顺络电子股份有限公司
002139,拓邦股份,深圳拓邦股份有限公司
002140,东华科技,东华工程科技股份有限公司
002141,蓉胜超微,广东蓉胜超微线材股份有限公司
002142,宁波银行,宁波银行股份有限公司
002143,印纪传媒,印纪娱乐传媒股份有限公司
002144,宏达高科,宏达高科控股股份有限公司
002145,中核钛白,中核华原钛白股份有限公司
002146,荣盛发展,荣盛房地产发展股份有限公司
002147,新光圆成,新光圆成股份有限公司
002148,北纬通信,北京北纬通信科技股份有限公司
002149,西部材料,西部金属材料股份有限公司
002150,通润装备,江苏通润装备科技股份有限公司
002151,北斗星通,北京北斗星通导航技术股份有限公司
002152,广电运通,广州广电运通金融电子股份有限公司
002153,石基信息,北京中长石基信息技术股份有限公司
002154,报 喜 鸟,浙江报喜鸟服饰股份有限公司
002155,湖南黄金,湖南黄金股份有限公司
002156,通富微电,南通富士通微电子股份有限公司
002157,正邦科技,江西正邦科技股份有限公司
002158,汉钟精机,上海汉钟精机股份有限公司
002159,三特索道,武汉三特索道集团股份有限公司
002160,常铝股份,江苏常铝铝业股份有限公司
002161,远 望 谷,深圳市远望谷信息技术股份有限公司
002162,悦心健康,上海悦心健康集团股份有限公司
002163,中航三鑫,中航三鑫股份有限公司
002164,宁波东力,宁波东力股份有限公司
002165,红 宝 丽,红宝丽集团股份有限公司
002166,莱茵生物,桂林莱茵生物科技股份有限公司
002167,东方锆业,广东东方锆业科技股份有限公司
002168,深圳惠程,深圳市惠程电气股份有限公司
002169,智光电气,广州智光电气股份有限公司
002170,芭田股份,深圳市芭田生态工程股份有限公司
002171,楚江新材,安徽楚江科技新材料股份有限公司
002172,澳洋科技,江苏澳洋科技股份有限公司
002173,*ST创疗,创新医疗管理股份有限公司
002174,游族网络,游族网络股份有限公司
002175,东方网络,东方时代网络传媒股份有限公司
002176,江特电机,江西特种电机股份有限公司
002177,御银股份,广州御银科技股份有限公司
002178,延华智能,上海延华智能科技(集团)股份有限公司
002179,中航光电,中航光电科技股份有限公司
002180,艾派克,珠海艾派克科技股份有限公司
002181,粤 传 媒,广东广州日报传媒股份有限公司
002182,云海金属,南京云海特种金属股份有限公司
002183,怡 亚 通,深圳市怡亚通供应链股份有限公司
002184,海得控制,上海海得控制系统股份有限公司
002185,华天科技,天水华天科技股份有限公司
002186,全 聚 德,中国全聚德(集团)股份有限公司
002187,广百股份,广州市广百股份有限公司
002188,巴士在线,巴士在线股份有限公司
002189,利达光电,利达光电股份有限公司
002190,成飞集成,四川成飞集成科技股份有限公司
002191,劲嘉股份,深圳劲嘉集团股份有限公司
002192,融捷股份,融捷股份有限公司
002193,山东如意,山东济宁如意毛纺织股份有限公司
002194,武汉凡谷,武汉凡谷电子技术股份有限公司
002195,二三四五,上海二三四五网络控股集团股份有限公司
002196,方正电机,浙江方正电机股份有限公司
002197,证通电子,深圳市证通电子股份有限公司
002198,嘉应制药,广东嘉应制药股份有限公司
002199,*ST东晶,浙江东晶电子股份有限公司
002200,云投生态,云南云投生态环境科技股份有限公司
002201,九鼎新材,江苏九鼎新材料股份有限公司
002202,金风科技,新疆金风科技股份有限公司
002203,海亮股份,浙江海亮股份有限公司
002204,大连重工,大连华锐重工集团股份有限公司
002205,国统股份,新疆国统管道股份有限公司
002206,海 利 得,浙江海利得新材料股份有限公司
002207,准油股份,新疆准东石油技术股份有限公司
002208,合肥城建,合肥城建发展股份有限公司
002209,达 意 隆,广州达意隆包装机械股份有限公司
002210,飞马国际,深圳市飞马国际供应链股份有限公司
002211,宏达新材,江苏宏达新材料股份有限公司
002212,南洋股份,广东南洋电缆集团股份有限公司
002213,特 尔 佳,深圳市特尔佳科技股份有限公司
002214,大立科技,浙江大立科技股份有限公司
002215,诺 普 信,深圳诺普信农化股份有限公司
002216,三全食品,三全食品股份有限公司
002217,合力泰,合力泰科技股份有限公司
002218,拓日新能,深圳市拓日新能源科技股份有限公司
002219,恒康医疗,恒康医疗集团股份有限公司
002220,天宝股份,大连天宝绿色食品股份有限公司
002221,东华能源,东华能源股份有限公司
002222,福晶科技,福建福晶科技股份有限公司
002223,鱼跃医疗,江苏鱼跃医疗设备股份有限公司
002224,三 力 士,三力士股份有限公司
002225,濮耐股份,濮阳濮耐高温材料（集团）股份有限公司
002226,江南化工,安徽江南化工股份有限公司
002227,奥 特 迅,深圳奥特迅电力设备股份有限公司
002228,合兴包装,厦门合兴包装印刷股份有限公司
002229,鸿博股份,鸿博股份有限公司
002230,科大讯飞,科大讯飞股份有限公司
002231,奥维通信,奥维通信股份有限公司
002232,启明信息,启明信息技术股份有限公司
002233,塔牌集团,广东塔牌集团股份有限公司
002234,民和股份,山东民和牧业股份有限公司
002235,安妮股份,厦门安妮股份有限公司
002236,大华股份,浙江大华技术股份有限公司
002237,恒邦股份,山东恒邦冶炼股份有限公司
002238,天威视讯,深圳市天威视讯股份有限公司
002239,奥特佳,奥特佳新能源科技股份有限公司
002240,威华股份,广东威华股份有限公司
002241,歌尔股份,歌尔股份有限公司
002242,九阳股份,九阳股份有限公司
002243,通产丽星,深圳市通产丽星股份有限公司
002244,滨江集团,杭州滨江房产集团股份有限公司
002245,澳洋顺昌,江苏澳洋顺昌股份有限公司
002246,北化股份,四川北方硝化棉股份有限公司
002247,帝龙新材,浙江帝龙新材料股份有限公司
002248,华东数控,威海华东数控股份有限公司
002249,大洋电机,中山大洋电机股份有限公司
002250,联化科技,联化科技股份有限公司
002251,步 步 高,步步高商业连锁股份有限公司
002252,上海莱士,上海莱士血液制品股份有限公司
002253,川大智胜,四川川大智胜软件股份有限公司
002254,泰和新材,烟台泰和新材料股份有限公司
002255,海陆重工,苏州海陆重工股份有限公司
002256,彩虹精化,深圳市彩虹精细化工股份有限公司
002258,利尔化学,利尔化学股份有限公司
002259,升达林业,四川升达林业产业股份有限公司
002260,德奥通航,德奥通用航空股份有限公司
002261,拓维信息,拓维信息系统股份有限公司
002262,恩华药业,江苏恩华药业股份有限公司
002263,大 东 南,浙江大东南股份有限公司
002264,新 华 都,新华都购物广场股份有限公司
002265,西仪股份,云南西仪工业股份有限公司
002266,浙富控股,浙富控股集团股份有限公司
002267,陕天然气,陕西省天然气股份有限公司
002268,卫 士 通,成都卫士通信息产业股份有限公司
002269,美邦服饰,上海美特斯邦威服饰股份有限公司
002270,法因数控,华明电力装备股份有限公司
002271,东方雨虹,北京东方雨虹防水技术股份有限公司
002272,川润股份,四川川润股份有限公司
002273,水晶光电,浙江水晶光电科技股份有限公司
002274,华昌化工,江苏华昌化工股份有限公司
002275,桂林三金,桂林三金药业股份有限公司
002276,万马股份,浙江万马股份有限公司
002277,友阿股份,湖南友谊阿波罗商业股份有限公司
002278,神开股份,上海神开石油化工装备股份有限公司
002279,久其软件,北京久其软件股份有限公司
002280,联络互动,杭州联络互动信息科技股份有限公司
002281,光迅科技,武汉光迅科技股份有限公司
002282,博深工具,博深工具股份有限公司
002283,天润曲轴,天润曲轴股份有限公司
002284,亚太股份,浙江亚太机电股份有限公司
002285,世联行,深圳世联行地产顾问股份有限公司
002286,保龄宝,保龄宝生物股份有限公司
002287,奇正藏药,西藏奇正藏药股份有限公司
002288,超华科技,广东超华科技股份有限公司
002289,*ST宇顺,深圳市宇顺电子股份有限公司
002290,禾盛新材,苏州禾盛新型材料股份有限公司
002291,星期六,星期六股份有限公司
002292,奥飞娱乐,奥飞娱乐股份有限公司
002293,罗莱生活,罗莱生活科技股份有限公司
002294,信立泰,深圳信立泰药业股份有限公司
002295,精艺股份,广东精艺金属股份有限公司
002296,辉煌科技,河南辉煌科技股份有限公司
002297,博云新材,湖南博云新材料股份有限公司
002298,中电鑫龙,安徽中电兴发与鑫龙科技股份有限公司
002299,圣农发展,福建圣农发展股份有限公司
002300,太阳电缆,福建南平太阳电缆股份有限公司
002301,齐心集团,深圳齐心集团股份有限公司
002302,西部建设,中建西部建设股份有限公司
002303,美盈森,美盈森集团股份有限公司
002304,洋河股份,江苏洋河酒厂股份有限公司
002305,南国置业,南国置业股份有限公司
002306,中科云网,中科云网科技集团股份有限公司
002307,北新路桥,新疆北新路桥集团股份有限公司
002308,威创股份,广东威创视讯科技股份有限公司
002309,中利科技,中利科技集团股份有限公司
002310,东方园林,北京东方园林生态股份有限公司
002311,海大集团,广东海大集团股份有限公司
002312,三泰控股,成都三泰控股集团股份有限公司
002313,日海通讯,深圳日海通讯技术股份有限公司
002314,南山控股,深圳市新南山控股（集团）股份有限公司
002315,焦点科技,焦点科技股份有限公司
002316,键桥通讯,深圳键桥通讯技术股份有限公司
002317,众生药业,广东众生药业股份有限公司
002318,久立特材,浙江久立特材科技股份有限公司
002319,乐通股份,珠海市乐通化工股份有限公司
002320,海峡股份,海南海峡航运股份有限公司
002321,华英农业,河南华英农业发展股份有限公司
002322,理工环科,宁波理工环境能源科技股份有限公司
002323,雅百特,江苏雅百特科技股份有限公司
002324,普利特,上海普利特复合材料股份有限公司
002325,洪涛股份,深圳市洪涛装饰股份有限公司
002326,永太科技,浙江永太科技股份有限公司
002327,富安娜,深圳市富安娜家居用品股份有限公司
002328,新朋股份,上海新朋实业股份有限公司
002329,皇氏集团,皇氏集团股份有限公司
002330,得利斯,山东得利斯食品股份有限公司
002331,皖通科技,安徽皖通科技股份有限公司
002332,仙琚制药,浙江仙琚制药股份有限公司
002333,罗普斯金,苏州罗普斯金铝业股份有限公司
002334,英威腾,深圳市英威腾电气股份有限公司
002335,科华恒盛,厦门科华恒盛股份有限公司
002336,*ST人乐,人人乐连锁商业集团股份有限公司
002337,赛象科技,天津赛象科技股份有限公司
002338,奥普光电,长春奥普光电技术股份有限公司
002339,积成电子,积成电子股份有限公司
002340,格林美,格林美股份有限公司
002341,新纶科技,深圳市新纶科技股份有限公司
002342,巨力索具,巨力索具股份有限公司
002343,慈文传媒,慈文传媒股份有限公司
002344,海宁皮城,海宁中国皮革城股份有限公司
002345,潮宏基,广东潮宏基实业股份有限公司
002346,柘中股份,上海柘中集团股份有限公司
002347,泰尔重工,泰尔重工股份有限公司
002348,高乐股份,广东高乐玩具股份有限公司
002349,精华制药,精华制药集团股份有限公司
002350,北京科锐,北京科锐配电自动化股份有限公司
002351,漫步者,深圳市漫步者科技股份有限公司
002352,鼎泰新材,马鞍山鼎泰稀土新材料股份有限公司
002353,杰瑞股份,烟台杰瑞石油服务集团股份有限公司
002354,天神娱乐,大连天神娱乐股份有限公司
002355,兴民钢圈,山东兴民钢圈股份有限公司
002356,赫美集团,深圳赫美集团股份有限公司
002357,富临运业,四川富临运业集团股份有限公司
002358,森源电气,河南森源电气股份有限公司
002359,齐星铁塔,山东齐星铁塔科技股份有限公司
002360,同德化工,山西同德化工股份有限公司
002361,神剑股份,安徽神剑新材料股份有限公司
002362,汉王科技,汉王科技股份有限公司
002363,隆基机械,山东隆基机械股份有限公司
002364,中恒电气,杭州中恒电气股份有限公司
002365,永安药业,潜江永安药业股份有限公司
002366,台海核电,台海玛努尔核电设备股份有限公司
002367,康力电梯,康力电梯股份有限公司
002368,太极股份,太极计算机股份有限公司
002369,卓翼科技,深圳市卓翼科技股份有限公司
002370,亚太药业,浙江亚太药业股份有限公司
002371,七星电子,北京七星华创电子股份有限公司
002372,伟星新材,浙江伟星新型建材股份有限公司
002373,千方科技,北京千方科技股份有限公司
002374,丽鹏股份,山东丽鹏股份有限公司
002375,亚厦股份,浙江亚厦装饰股份有限公司
002376,新北洋,山东新北洋信息技术股份有限公司
002377,国创高新,湖北国创高新材料股份有限公司
002378,章源钨业,崇义章源钨业股份有限公司
002379,*ST鲁丰,鲁丰环保科技股份有限公司
002380,科远股份,南京科远自动化集团股份有限公司
002381,双箭股份,浙江双箭橡胶股份有限公司
002382,蓝帆医疗,蓝帆医疗股份有限公司
002383,合众思壮,北京合众思壮科技股份有限公司
002384,东山精密,苏州东山精密制造股份有限公司
002385,大北农,北京大北农科技集团股份有限公司
002386,天原集团,宜宾天原集团股份有限公司
002387,黑牛食品,黑牛食品股份有限公司
002388,新亚制程,深圳市新亚电子制程股份有限公司
002389,南洋科技,浙江南洋科技股份有限公司
002390,信邦制药,贵州信邦制药股份有限公司
002391,长青股份,江苏长青农化股份有限公司
002392,北京利尔,北京利尔高温材料股份有限公司
002393,力生制药,天津力生制药股份有限公司
002394,联发股份,江苏联发纺织股份有限公司
002395,双象股份,无锡双象超纤材料股份有限公司
002396,星网锐捷,福建星网锐捷通讯股份有限公司
002397,梦洁家纺,湖南梦洁家纺股份有限公司
002398,建研集团,厦门市建筑科学研究院集团股份有限公司
002399,海普瑞,深圳市海普瑞药业股份有限公司
002400,省广股份,广东省广告集团股份有限公司
002401,中海科技,中海网络科技股份有限公司
002402,和而泰,深圳和而泰智能控制股份有限公司
002403,爱仕达,浙江爱仕达电器股份有限公司
002404,嘉欣丝绸,浙江嘉欣丝绸股份有限公司
002405,四维图新,北京四维图新科技股份有限公司
002406,远东传动,许昌远东传动轴股份有限公司
002407,多氟多,多氟多化工股份有限公司
002408,齐翔腾达,淄博齐翔腾达化工股份有限公司
002409,雅克科技,江苏雅克科技股份有限公司
002410,广联达,广联达科技股份有限公司
002411,必康股份,江苏必康制药股份有限公司
002412,汉森制药,湖南汉森制药股份有限公司
002413,雷科防务,江苏雷科防务科技股份有限公司
002414,高德红外,武汉高德红外股份有限公司
002415,海康威视,杭州海康威视数字技术股份有限公司
002416,爱施德,深圳市爱施德股份有限公司
002417,三元达,福建三元达通讯股份有限公司
002418,康盛股份,浙江康盛股份有限公司
002419,天虹商场,天虹商场股份有限公司
002420,毅昌股份,广州毅昌科技股份有限公司
002421,达实智能,深圳达实智能股份有限公司
002422,科伦药业,四川科伦药业股份有限公司
002423,*ST中特,中原特钢股份有限公司
002424,贵州百灵,贵州百灵企业集团制药股份有限公司
002425,凯撒股份,凯撒（中国）股份有限公司
002426,胜利精密,苏州胜利精密制造科技股份有限公司
002427,尤夫股份,浙江尤夫高新纤维股份有限公司
002428,云南锗业,云南临沧鑫圆锗业股份有限公司
002429,兆驰股份,深圳市兆驰股份有限公司
002430,杭氧股份,杭州杭氧股份有限公司
002431,棕榈股份,棕榈生态城镇发展股份有限公司
002432,九安医疗,天津九安医疗电子股份有限公司
002433,太安堂,广东太安堂药业股份有限公司
002434,万里扬,浙江万里扬股份有限公司
002435,长江润发,长江润发机械股份有限公司
002436,兴森科技,深圳市兴森快捷电路科技股份有限公司
002437,誉衡药业,哈尔滨誉衡药业股份有限公司
002438,江苏神通,江苏神通阀门股份有限公司
002439,启明星辰,启明星辰信息技术集团股份有限公司
002440,闰土股份,浙江闰土股份有限公司
002441,众业达,众业达电气股份有限公司
002442,龙星化工,龙星化工股份有限公司
002443,金洲管道,浙江金洲管道科技股份有限公司
002444,巨星科技,杭州巨星科技股份有限公司
002445,中南文化,中南红文化集团股份有限公司
002446,盛路通信,广东盛路通信科技股份有限公司
002447,壹桥海参,大连壹桥海参股份有限公司
002448,中原内配,中原内配集团股份有限公司
002449,国星光电,佛山市国星光电股份有限公司
002450,康得新,康得新复合材料集团股份有限公司
002451,摩恩电气,上海摩恩电气股份有限公司
002452,长高集团,湖南长高高压开关集团股份公司
002453,天马精化,苏州天马精细化学品股份有限公司
002454,松芝股份,上海加冷松芝汽车空调股份有限公司
002455,百川股份,无锡百川化工股份有限公司
002456,欧菲光,深圳欧菲光科技股份有限公司
002457,青龙管业,宁夏青龙管业股份有限公司
002458,益生股份,山东益生种畜禽股份有限公司
002459,天业通联,秦皇岛天业通联重工股份有限公司
002460,赣锋锂业,江西赣锋锂业股份有限公司
002461,珠江啤酒,广州珠江啤酒股份有限公司
002462,嘉事堂,嘉事堂药业股份有限公司
002463,沪电股份,沪士电子股份有限公司
002464,金利科技,昆山金利表面材料应用科技股份有限公司
002465,海格通信,广州海格通信集团股份有限公司
002466,天齐锂业,天齐锂业股份有限公司
002467,二六三,二六三网络通信股份有限公司
002468,艾迪西,浙江艾迪西流体控制股份有限公司
002469,三维工程,山东三维石化工程股份有限公司
002470,金正大,金正大生态工程集团股份有限公司
002471,中超控股,江苏中超控股股份有限公司
002472,双环传动,浙江双环传动机械股份有限公司
002473,圣莱达,宁波圣莱达电器股份有限公司
002474,榕基软件,福建榕基软件股份有限公司
002475,立讯精密,立讯精密工业股份有限公司
002476,宝莫股份,山东宝莫生物化工股份有限公司
002477,雏鹰农牧,雏鹰农牧集团股份有限公司
002478,常宝股份,江苏常宝钢管股份有限公司
002479,富春环保,浙江富春江环保热电股份有限公司
002480,新筑股份,成都市新筑路桥机械股份有限公司
002481,双塔食品,烟台双塔食品股份有限公司
002482,广田集团,深圳广田集团股份有限公司
002483,润邦股份,江苏润邦重工股份有限公司
002484,江海股份,南通江海电容器股份有限公司
002485,希努尔,希努尔男装股份有限公司
002486,嘉麟杰,上海嘉麟杰纺织品股份有限公司
002487,大金重工,辽宁大金重工股份有限公司
002488,金固股份,浙江金固股份有限公司
002489,浙江永强,浙江永强集团股份有限公司
002490,山东墨龙,山东墨龙石油机械股份有限公司
002491,通鼎互联,通鼎互联信息股份有限公司
002492,恒基达鑫,珠海恒基达鑫国际化工仓储股份有限公司
002493,荣盛石化,荣盛石化股份有限公司
002494,华斯股份,华斯控股股份有限公司
002495,佳隆股份,广东佳隆食品股份有限公司
002496,辉丰股份,江苏辉丰农化股份有限公司
002497,雅化集团,四川雅化实业集团股份有限公司
002498,汉缆股份,青岛汉缆股份有限公司
002499,科林环保,科林环保装备股份有限公司
002500,山西证券,山西证券股份有限公司
002501,利源精制,吉林利源精制股份有限公司
002502,骅威文化,骅威文化股份有限公司
002503,搜于特,搜于特集团股份有限公司
002504,弘高创意,北京弘高创意建筑设计股份有限公司
002505,大康农业,湖南大康国际农业食品股份有限公司
002506,协鑫集成,协鑫集成科技股份有限公司
002507,涪陵榨菜,重庆市涪陵榨菜集团股份有限公司
002508,老板电器,杭州老板电器股份有限公司
002509,天广消防,天广消防股份有限公司
002510,天汽模,天津汽车模具股份有限公司
002511,中顺洁柔,中顺洁柔纸业股份有限公司
002512,达华智能,中山达华智能科技股份有限公司
002513,*ST蓝丰,江苏蓝丰生物化工股份有限公司
002514,宝馨科技,苏州宝馨科技实业股份有限公司
002515,金字火腿,金字火腿股份有限公司
002516,旷达科技,旷达科技集团股份有限公司
002517,恺英网络,恺英网络股份有限公司
002518,科士达,深圳科士达科技股份有限公司
002519,银河电子,江苏银河电子股份有限公司
002520,日发精机,浙江日发精密机械股份有限公司
002521,齐峰新材,齐峰新材料股份有限公司
002522,浙江众成,浙江众成包装材料股份有限公司
002523,天桥起重,株洲天桥起重机股份有限公司
002524,光正集团,光正集团股份有限公司
002526,山东矿机,山东矿机集团股份有限公司
002527,新时达,上海新时达电气股份有限公司
002528,英飞拓,深圳英飞拓科技股份有限公司
002529,海源机械,福建海源自动化机械股份有限公司
002530,丰东股份,江苏丰东热技术股份有限公司
002531,天顺风能,天顺风能（苏州）股份有限公司
002532,新界泵业,新界泵业集团股份有限公司
002533,金杯电工,金杯电工股份有限公司
002534,杭锅股份,杭州锅炉集团股份有限公司
002535,林州重机,林州重机集团股份有限公司
002536,西泵股份,河南省西峡汽车水泵股份有限公司
002537,海立美达,青岛海立美达股份有限公司
002538,司尔特,安徽省司尔特肥业股份有限公司
002539,新都化工,成都市新都化工股份有限公司
002540,亚太科技,江苏亚太轻合金科技股份有限公司
002541,鸿路钢构,安徽鸿路钢结构(集团)股份有限公司
002542,中化岩土,中化岩土工程股份有限公司
002543,万和电气,广东万和新电气股份有限公司
002544,杰赛科技,广州杰赛科技股份有限公司
002545,东方铁塔,青岛东方铁塔股份有限公司
002546,新联电子,南京新联电子股份有限公司
002547,春兴精工,苏州春兴精工股份有限公司
002548,金新农,深圳市金新农饲料股份有限公司
002549,凯美特气,湖南凯美特气体股份有限公司
002550,千红制药,常州千红生化制药股份有限公司
002551,尚荣医疗,深圳市尚荣医疗股份有限公司
002552,宝鼎科技,宝鼎科技股份有限公司
002553,南方轴承,江苏南方轴承股份有限公司
002554,惠博普,华油惠博普科技股份有限公司
002555,三七互娱,芜湖顺荣三七互娱网络科技股份有限公司
002556,辉隆股份,安徽辉隆农资集团股份有限公司
002557,洽洽食品,洽洽食品股份有限公司
002558,世纪游轮,重庆新世纪游轮股份有限公司
002559,亚威股份,江苏亚威机床股份有限公司
002560,通达股份,河南通达电缆股份有限公司
002561,徐家汇,上海徐家汇商城股份有限公司
002562,兄弟科技,兄弟科技股份有限公司
002563,森马服饰,浙江森马服饰股份有限公司
002564,天沃科技,苏州天沃科技股份有限公司
002565,上海绿新,上海绿新包装材料科技股份有限公司
002566,益盛药业,吉林省集安益盛药业股份有限公司
002567,唐人神,唐人神集团股份有限公司
002568,百润股份,上海百润投资控股集团股份有限公司
002569,步森股份,浙江步森服饰股份有限公司
002570,贝因美,贝因美婴童食品股份有限公司
002571,德力股份,安徽德力日用玻璃股份有限公司
002572,索菲亚,索菲亚家居股份有限公司
002573,清新环境,北京清新环境技术股份有限公司
002574,明牌珠宝,浙江明牌珠宝股份有限公司
002575,群兴玩具,广东群兴玩具股份有限公司
002576,通达动力,江苏通达动力科技股份有限公司
002577,雷柏科技,深圳雷柏科技股份有限公司
002578,闽发铝业,福建省闽发铝业股份有限公司
002579,中京电子,惠州中京电子科技股份有限公司
002580,圣阳股份,山东圣阳电源股份有限公司
002581,未名医药,山东未名生物医药股份有限公司
002582,好想你,好想你枣业股份有限公司
002583,海能达,海能达通信股份有限公司
002584,西陇科学,西陇科学股份有限公司
002585,双星新材,江苏双星彩塑新材料股份有限公司
002586,围海股份,浙江省围海建设集团股份有限公司
002587,奥拓电子,深圳市奥拓电子股份有限公司
002588,史丹利,史丹利化肥股份有限公司
002589,瑞康医药,山东瑞康医药股份有限公司
002590,万安科技,浙江万安科技股份有限公司
002591,恒大高新,江西恒大高新技术股份有限公司
002592,八菱科技,南宁八菱科技股份有限公司
002593,日上集团,厦门日上集团股份有限公司
002594,比亚迪,比亚迪股份有限公司
002595,豪迈科技,山东豪迈机械科技股份有限公司
002596,海南瑞泽,海南瑞泽新型建材股份有限公司
002597,金禾实业,安徽金禾实业股份有限公司
002598,山东章鼓,山东省章丘鼓风机股份有限公司
002599,盛通股份,北京盛通印刷股份有限公司
002600,江粉磁材,广东江粉磁材股份有限公司
002601,佰利联,河南佰利联化学股份有限公司
002602,世纪华通,浙江世纪华通集团股份有限公司
002603,以岭药业,石家庄以岭药业股份有限公司
002604,龙力生物,山东龙力生物科技股份有限公司
002605,姚记扑克,上海姚记扑克股份有限公司
002606,大连电瓷,大连电瓷集团股份有限公司
002607,亚夏汽车,芜湖亚夏汽车股份有限公司
002608,*ST舜船,江苏舜天船舶股份有限公司
002609,捷顺科技,深圳市捷顺科技实业股份有限公司
002610,爱康科技,江苏爱康科技股份有限公司
002611,东方精工,广东东方精工科技股份有限公司
002612,朗姿股份,朗姿股份有限公司
002613,北玻股份,洛阳北方玻璃技术股份有限公司
002614,蒙发利,厦门蒙发利科技(集团)股份有限公司
002615,哈尔斯,浙江哈尔斯真空器皿股份有限公司
002616,长青集团,广东长青（集团）股份有限公司
002617,露笑科技,露笑科技股份有限公司
002618,丹邦科技,深圳丹邦科技股份有限公司
002619,巨龙管业,浙江巨龙管业股份有限公司
002620,瑞和股份,深圳瑞和建筑装饰股份有限公司
002621,三垒股份,大连三垒机器股份有限公司
002622,永大集团,吉林永大集团股份有限公司
002623,亚玛顿,常州亚玛顿股份有限公司
002624,完美环球,完美环球娱乐股份有限公司
002625,龙生股份,浙江龙生汽车部件股份有限公司
002626,金达威,厦门金达威集团股份有限公司
002627,宜昌交运,湖北宜昌交运集团股份有限公司
002628,成都路桥,成都市路桥工程股份有限公司
002629,仁智油服,四川仁智油田技术服务股份有限公司
002630,华西能源,华西能源工业股份有限公司
002631,德尔未来,德尔未来科技控股集团股份有限公司
002632,道明光学,道明光学股份有限公司
002633,申科股份,申科滑动轴承股份有限公司
002634,棒杰股份,浙江棒杰数码针织品股份有限公司
002635,安洁科技,苏州安洁科技股份有限公司
002636,金安国纪,金安国纪科技股份有限公司
002637,赞宇科技,浙江赞宇科技股份有限公司
002638,勤上光电,东莞勤上光电股份有限公司
002639,雪人股份,福建雪人股份有限公司
002640,跨境通,跨境通宝电子商务股份有限公司
002641,永高股份,永高股份有限公司
002642,荣之联,北京荣之联科技股份有限公司
002643,万润股份,中节能万润股份有限公司
002644,佛慈制药,兰州佛慈制药股份有限公司
002645,华宏科技,江苏华宏科技股份有限公司
002646,青青稞酒,青海互助青稞酒股份有限公司
002647,宏磊股份,浙江宏磊铜业股份有限公司
002648,卫星石化,浙江卫星石化股份有限公司
002649,博彦科技,博彦科技股份有限公司
002650,加加食品,加加食品集团股份有限公司
002651,利君股份,成都利君实业股份有限公司
002652,扬子新材,苏州扬子江新型材料股份有限公司
002653,海思科,海思科医药集团股份有限公司
002654,万润科技,深圳万润科技股份有限公司
002655,共达电声,山东共达电声股份有限公司
002656,摩登大道,摩登大道时尚集团股份有限公司
002657,中科金财,北京中科金财科技股份有限公司
002658,雪迪龙,北京雪迪龙科技股份有限公司
002659,中泰桥梁,江苏中泰桥梁钢构股份有限公司
002660,茂硕电源,茂硕电源科技股份有限公司
002661,克明面业,克明面业股份有限公司
002662,京威股份,北京威卡威汽车零部件股份有限公司
002663,普邦园林,广州普邦园林股份有限公司
002664,信质电机,信质电机股份有限公司
002665,首航节能,北京首航艾启威节能技术股份有限公司
002666,德联集团,广东德联集团股份有限公司
002667,鞍重股份,鞍山重型矿山机器股份有限公司
002668,奥马电器,广东奥马电器股份有限公司
002669,康达新材,上海康达化工新材料股份有限公司
002670,华声股份,广东华声电器股份有限公司
002671,龙泉股份,山东龙泉管道工程股份有限公司
002672,东江环保,东江环保股份有限公司
002673,西部证券,西部证券股份有限公司
002674,兴业科技,兴业皮革科技股份有限公司
002675,东诚药业,烟台东诚药业集团股份有限公司
002676,顺威股份,广东顺威精密塑料股份有限公司
002677,浙江美大,浙江美大实业股份有限公司
002678,珠江钢琴,广州珠江钢琴集团股份有限公司
002679,福建金森,福建金森林业股份有限公司
002680,长生生物,长生生物科技股份有限公司
002681,奋达科技,深圳市奋达科技股份有限公司
002682,龙洲股份,福建龙洲运输股份有限公司
002683,宏大爆破,广东宏大爆破股份有限公司
002684,猛狮科技,广东猛狮新能源科技股份有限公司
002685,华东重机,无锡华东重型机械股份有限公司
002686,亿利达,浙江亿利达风机股份有限公司
002687,乔治白,浙江乔治白服饰股份有限公司
002688,金河生物,金河生物科技股份有限公司
002689,远大智能,沈阳远大智能工业集团股份有限公司
002690,美亚光电,合肥美亚光电技术股份有限公司
002691,冀凯股份,冀凯装备制造股份有限公司
002692,远程电缆,远程电缆股份有限公司
002693,双成药业,海南双成药业股份有限公司
002694,顾地科技,顾地科技股份有限公司
002695,煌上煌,江西煌上煌集团食品股份有限公司
002696,百洋股份,百洋产业投资集团股份有限公司
002697,红旗连锁,成都红旗连锁股份有限公司
002698,博实股份,哈尔滨博实自动化股份有限公司
002699,美盛文化,美盛文化创意股份有限公司
002700,新疆浩源,新疆浩源天然气股份有限公司
002701,奥瑞金,奥瑞金包装股份有限公司
002702,海欣食品,海欣食品股份有限公司
002703,浙江世宝,浙江世宝股份有限公司
002705,新宝股份,广东新宝电器股份有限公司
002706,良信电器,上海良信电器股份有限公司
002707,众信旅游,北京众信国际旅行社股份有限公司
002708,光洋股份,常州光洋轴承股份有限公司
002709,天赐材料,广州天赐高新材料股份有限公司
002711,欧浦智网,欧浦智网股份有限公司
002712,思美传媒,思美传媒股份有限公司
002713,东易日盛,东易日盛家居装饰集团股份有限公司
002714,牧原股份,牧原食品股份有限公司
002715,登云股份,怀集登云汽配股份有限公司
002716,金贵银业,郴州市金贵银业股份有限公司
002717,岭南园林,岭南园林股份有限公司
002718,友邦吊顶,浙江友邦集成吊顶股份有限公司
002719,麦趣尔,麦趣尔集团股份有限公司
002721,金一文化,北京金一文化发展股份有限公司
002722,金轮股份,金轮蓝海股份有限公司
002723,金莱特,广东金莱特电器股份有限公司
002724,海洋王,海洋王照明科技股份有限公司
002725,跃岭股份,浙江跃岭股份有限公司
002726,龙大肉食,山东龙大肉食品股份有限公司
002727,一心堂,云南鸿翔一心堂药业（集团）股份有限公司
002728,台城制药,广东台城制药股份有限公司
002729,好利来,好利来（中国）电子科技股份有限公司
002730,电光科技,电光防爆科技股份有限公司
002731,萃华珠宝,沈阳萃华金银珠宝股份有限公司
002732,燕塘乳业,广东燕塘乳业股份有限公司
002733,雄韬股份,深圳市雄韬电源科技股份有限公司
002734,利民股份,利民化工股份有限公司
002735,王子新材,深圳王子新材料股份有限公司
002736,国信证券,国信证券股份有限公司
002737,葵花药业,葵花药业集团股份有限公司
002738,中矿资源,中矿资源勘探股份有限公司
002739,万达院线,万达电影院线股份有限公司
002740,爱迪尔,深圳市爱迪尔珠宝股份有限公司
002741,光华科技,广东光华科技股份有限公司
002742,三圣特材,重庆三圣特种建材股份有限公司
002743,富煌钢构,安徽富煌钢构股份有限公司
002745,木林森,木林森股份有限公司
002746,仙坛股份,山东仙坛股份有限公司
002747,埃斯顿,南京埃斯顿自动化股份有限公司
002748,世龙实业,江西世龙实业股份有限公司
002749,国光股份,四川国光农化股份有限公司
002750,龙津药业,昆明龙津药业股份有限公司
002751,易尚展示,深圳市易尚展示股份有限公司
002752,昇兴股份,昇兴集团股份有限公司
002753,永东股份,山西永东化工股份有限公司
002755,东方新星,北京东方新星石化工程股份有限公司
002756,永兴特钢,永兴特种不锈钢股份有限公司
002757,南兴装备,南兴装备股份有限公司
002758,华通医药,浙江华通医药股份有限公司
002759,天际股份,广东天际电器股份有限公司
002760,凤形股份,安徽省凤形耐磨材料股份有限公司
002761,多喜爱,多喜爱家纺股份有限公司
002762,金发拉比,金发拉比妇婴童用品股份有限公司
002763,汇洁股份,深圳汇洁集团股份有限公司
002765,蓝黛传动,重庆蓝黛动力传动机械股份有限公司
002766,索菱股份,深圳市索菱实业股份有限公司
002767,先锋电子,杭州先锋电子技术股份有限公司
002768,国恩股份,青岛国恩科技股份有限公司
002769,普路通,深圳市普路通供应链管理股份有限公司
002770,科迪乳业,河南科迪乳业股份有限公司
002771,真视通,北京真视通科技股份有限公司
002772,众兴菌业,天水众兴菌业科技股份有限公司
002773,康弘药业,成都康弘药业集团股份有限公司
002775,文科园林,深圳文科园林股份有限公司
002776,柏堡龙,广东柏堡龙股份有限公司
002777,久远银海,四川久远银海软件股份有限公司
002778,高科石化,江苏高科石化股份有限公司
002779,中坚科技,浙江中坚科技股份有限公司
002780,三夫户外,北京三夫户外用品股份有限公司
002781,奇信股份,深圳市奇信建设集团股份有限公司
002782,可立克,深圳可立克科技股份有限公司
002783,凯龙股份,湖北凯龙化工集团股份有限公司
002785,万里石,厦门万里石股份有限公司
002786,银宝山新,深圳市银宝山新科技股份有限公司
002787,华源包装,苏州华源包装股份有限公司
002788,鹭燕医药,鹭燕医药股份有限公司
002789,建艺集团,深圳市建艺装饰集团股份有限公司
002790,瑞尔特,厦门瑞尔特卫浴科技股份有限公司
002791,坚朗五金,广东坚朗五金制品股份有限公司
002792,通宇通讯,广东通宇通讯股份有限公司
002793,东音股份,浙江东音泵业股份有限公司
002795,永和智控,永和流体智控股份有限公司
002796,世嘉科技,苏州市世嘉科技股份有限公司
002797,第一创业,第一创业证券股份有限公司
002798,帝王洁具,四川帝王洁具股份有限公司
002799,环球印务,西安环球印务股份有限公司
002800,天顺股份,新疆天顺供应链股份有限公司
002801,微光股份,杭州微光电子股份有限公司
300001,特锐德,青岛特锐德电气股份有限公司
300002,神州泰岳,北京神州泰岳软件股份有限公司
300003,乐普医疗,乐普（北京）医疗器械股份有限公司
300004,南风股份,南方风机股份有限公司
300005,探路者,探路者控股集团股份有限公司
300006,莱美药业,重庆莱美药业股份有限公司
300007,汉威电子,河南汉威电子股份有限公司
300008,天海防务,天海融合防务装备技术股份有限公司
300009,安科生物,安徽安科生物工程(集团)股份有限公司
300010,立思辰,北京立思辰科技股份有限公司
300011,鼎汉技术,北京鼎汉技术股份有限公司
300012,华测检测,华测检测认证集团股份有限公司
300013,新宁物流,江苏新宁现代物流股份有限公司
300014,亿纬锂能,惠州亿纬锂能股份有限公司
300015,爱尔眼科,爱尔眼科医院集团股份有限公司
300016,北陆药业,北京北陆药业股份有限公司
300017,网宿科技,网宿科技股份有限公司
300018,中元股份,武汉中元华电科技股份有限公司
300019,硅宝科技,成都硅宝科技股份有限公司
300020,银江股份,银江股份有限公司
300021,大禹节水,大禹节水集团股份有限公司
300022,吉峰农机,吉峰农机连锁股份有限公司
300023,宝德股份,西安宝德自动化股份有限公司
300024,机器人,沈阳新松机器人自动化股份有限公司
300025,华星创业,杭州华星创业通信技术股份有限公司
300026,红日药业,天津红日药业股份有限公司
300027,华谊兄弟,华谊兄弟传媒股份有限公司
300028,金亚科技,金亚科技股份有限公司
300029,天龙光电,江苏华盛天龙光电设备股份有限公司
300030,阳普医疗,广州阳普医疗科技股份有限公司
300031,宝通科技,无锡宝通科技股份有限公司
300032,金龙机电,金龙机电股份有限公司
300033,同花顺,浙江核新同花顺网络信息股份有限公司
300034,钢研高纳,北京钢研高纳科技股份有限公司
300035,中科电气,湖南中科电气股份有限公司
300036,超图软件,北京超图软件股份有限公司
300037,新宙邦,深圳新宙邦科技股份有限公司
300038,梅泰诺,北京梅泰诺通信技术股份有限公司
300039,上海凯宝,上海凯宝药业股份有限公司
300040,九洲电气,哈尔滨九洲电气股份有限公司
300041,回天新材,湖北回天新材料股份有限公司
300042,朗科科技,深圳市朗科科技股份有限公司
300043,互动娱乐,星辉互动娱乐股份有限公司
300044,赛为智能,深圳市赛为智能股份有限公司
300045,华力创通,北京华力创通科技股份有限公司
300046,台基股份,湖北台基半导体股份有限公司
300047,天源迪科,深圳天源迪科信息技术股份有限公司
300048,合康变频,北京合康亿盛变频科技股份有限公司
300049,福瑞股份,内蒙古福瑞医疗科技股份有限公司
300050,世纪鼎利,珠海世纪鼎利科技股份有限公司
300051,三五互联,厦门三五互联科技股份有限公司
300052,中青宝,深圳中青宝互动网络股份有限公司
300053,欧比特,珠海欧比特控制工程股份有限公司
300054,鼎龙股份,湖北鼎龙化学股份有限公司
300055,万邦达,北京万邦达环保技术股份有限公司
300056,三维丝,厦门三维丝环保股份有限公司
300057,万顺股份,汕头万顺包装材料股份有限公司
300058,蓝色光标,北京蓝色光标品牌管理顾问股份有限公司
300059,东方财富,东方财富信息股份有限公司
300061,康耐特,上海康耐特光学股份有限公司
300062,中能电气,中能电气股份有限公司
300063,天龙集团,广东天龙油墨集团股份有限公司
300064,豫金刚石,郑州华晶金刚石股份有限公司
300065,海兰信,北京海兰信数据科技股份有限公司
300066,三川智慧,三川智慧科技股份有限公司
300067,安诺其,上海安诺其集团股份有限公司
300068,南都电源,浙江南都电源动力股份有限公司
300069,金利华电,浙江金利华电气股份有限公司
300070,碧水源,北京碧水源科技股份有限公司
300071,华谊嘉信,北京华谊嘉信整合营销顾问集团股份有限公司
300072,三聚环保,北京三聚环保新材料股份有限公司
300073,当升科技,北京当升材料科技股份有限公司
300074,华平股份,华平信息技术股份有限公司
300075,数字政通,北京数字政通科技股份有限公司
300076,GQY视讯,宁波GQY视讯股份有限公司
300077,国民技术,国民技术股份有限公司
300078,思创医惠,思创医惠科技股份有限公司
300079,数码视讯,北京数码视讯科技股份有限公司
300080,易成新能,河南易成新能源股份有限公司
300081,恒信移动,恒信移动商务股份有限公司
300082,奥克股份,辽宁奥克化学股份有限公司
300083,劲胜精密,东莞劲胜精密组件股份有限公司
300084,海默科技,兰州海默科技股份有限公司
300085,银之杰,深圳市银之杰科技股份有限公司
300086,康芝药业,海南康芝药业股份有限公司
300087,荃银高科,安徽荃银高科种业股份有限公司
300088,长信科技,芜湖长信科技股份有限公司
300089,文化长城,广东文化长城集团股份有限公司
300090,盛运环保,安徽盛运环保（集团）股份有限公司
300091,金通灵,江苏金通灵流体机械科技股份有限公司
300092,科新机电,四川科新机电股份有限公司
300093,金刚玻璃,广东金刚玻璃科技股份有限公司
300094,国联水产,湛江国联水产开发股份有限公司
300095,华伍股份,江西华伍制动器股份有限公司
300096,易联众,易联众信息技术股份有限公司
300097,智云股份,大连智云自动化装备股份有限公司
300098,高新兴,高新兴科技集团股份有限公司
300099,尤洛卡,尤洛卡矿业安全工程股份有限公司
300100,双林股份,宁波双林汽车部件股份有限公司
300101,振芯科技,成都振芯科技股份有限公司
300102,乾照光电,厦门乾照光电股份有限公司
300103,达刚路机,西安达刚路面机械股份有限公司
300104,乐视网,乐视网信息技术（北京）股份有限公司
300105,龙源技术,烟台龙源电力技术股份有限公司
300106,西部牧业,新疆西部牧业股份有限公司
300107,建新股份,河北建新化工股份有限公司
300108,双龙股份,通化双龙化工股份有限公司
300109,新开源,博爱新开源制药股份有限公司
300110,华仁药业,华仁药业股份有限公司
300111,向日葵,浙江向日葵光能科技股份有限公司
300112,万讯自控,深圳万讯自控股份有限公司
300113,顺网科技,杭州顺网科技股份有限公司
300114,中航电测,中航电测仪器股份有限公司
300115,长盈精密,深圳市长盈精密技术股份有限公司
300116,坚瑞消防,陕西坚瑞消防股份有限公司
300117,嘉寓股份,北京嘉寓门窗幕墙股份有限公司
300118,东方日升,东方日升新能源股份有限公司
300119,瑞普生物,天津瑞普生物技术股份有限公司
300120,经纬电材,天津经纬电材股份有限公司
300121,阳谷华泰,山东阳谷华泰化工股份有限公司
300122,智飞生物,重庆智飞生物制品股份有限公司
300123,太阳鸟,太阳鸟游艇股份有限公司
300124,汇川技术,深圳市汇川技术股份有限公司
300125,易世达,大连易世达新能源发展股份有限公司
300126,锐奇股份,锐奇控股股份有限公司
300127,银河磁体,成都银河磁体股份有限公司
300128,锦富新材,苏州锦富新材料股份有限公司
300129,泰胜风能,上海泰胜风能装备股份有限公司
300130,新国都,深圳市新国都技术股份有限公司
300131,英唐智控,深圳市英唐智能控制股份有限公司
300132,青松股份,福建青松股份有限公司
300133,华策影视,浙江华策影视股份有限公司
300134,大富科技,深圳市大富科技股份有限公司
300135,宝利国际,江苏宝利国际投资股份有限公司
300136,信维通信,深圳市信维通信股份有限公司
300137,先河环保,河北先河环保科技股份有限公司
300138,晨光生物,晨光生物科技集团股份有限公司
300139,晓程科技,北京晓程科技股份有限公司
300140,启源装备,西安启源机电装备股份有限公司
300141,和顺电气,苏州工业园区和顺电气股份有限公司
300142,沃森生物,云南沃森生物技术股份有限公司
300143,星河生物,广东星河生物科技股份有限公司
300144,宋城演艺,宋城演艺发展股份有限公司
300145,中金环境,南方中金环境股份有限公司
300146,汤臣倍健,汤臣倍健股份有限公司
300147,香雪制药,广州市香雪制药股份有限公司
300148,天舟文化,天舟文化股份有限公司
300149,量子高科,量子高科（中国）生物股份有限公司
300150,世纪瑞尔,北京世纪瑞尔技术股份有限公司
300151,昌红科技,深圳市昌红科技股份有限公司
300152,科融环境,徐州科融环境资源股份有限公司
300153,科泰电源,上海科泰电源股份有限公司
300154,瑞凌股份,深圳市瑞凌实业股份有限公司
300155,安居宝,广东安居宝数码科技股份有限公司
300156,神雾环保,神雾环保技术股份有限公司
300157,恒泰艾普,恒泰艾普石油天然气技术服务股份有限公司
300158,振东制药,山西振东制药股份有限公司
300159,新研股份,新疆机械研究院股份有限公司
300160,秀强股份,江苏秀强玻璃工艺股份有限公司
300161,华中数控,武汉华中数控股份有限公司
300162,雷曼股份,深圳雷曼光电科技股份有限公司
300163,先锋新材,宁波先锋新材料股份有限公司
300164,通源石油,西安通源石油科技股份有限公司
300165,天瑞仪器,江苏天瑞仪器股份有限公司
300166,东方国信,北京东方国信科技股份有限公司
300167,迪威视讯,深圳市迪威视讯股份有限公司
300168,万达信息,万达信息股份有限公司
300169,天晟新材,常州天晟新材料股份有限公司
300170,汉得信息,上海汉得信息技术股份有限公司
300171,东富龙,上海东富龙科技股份有限公司
300172,中电环保,中电环保股份有限公司
300173,智慧松德,松德智慧装备股份有限公司
300174,元力股份,福建元力活性炭股份有限公司
300175,朗源股份,朗源股份有限公司
300176,鸿特精密,广东鸿特精密技术股份有限公司
300177,中海达,广州中海达卫星导航技术股份有限公司
300178,腾邦国际,深圳市腾邦国际商业服务股份有限公司
300179,四方达,河南四方达超硬材料股份有限公司
300180,华峰超纤,上海华峰超纤材料股份有限公司
300181,佐力药业,浙江佐力药业股份有限公司
300182,捷成股份,北京捷成世纪科技股份有限公司
300183,东软载波,青岛东软载波科技股份有限公司
300184,力源信息,武汉力源信息技术股份有限公司
300185,通裕重工,通裕重工股份有限公司
300187,永清环保,永清环保股份有限公司
300188,美亚柏科,厦门市美亚柏科信息股份有限公司
300189,神农基因,海南神农基因科技股份有限公司
300190,维尔利,江苏维尔利环保科技股份有限公司
300191,潜能恒信,潜能恒信能源技术股份有限公司
300192,科斯伍德,苏州科斯伍德油墨股份有限公司
300193,佳士科技,深圳市佳士科技股份有限公司
300194,福安药业,福安药业（集团）股份有限公司
300195,长荣股份,天津长荣印刷设备股份有限公司
300196,长海股份,江苏长海复合材料股份有限公司
300197,铁汉生态,深圳市铁汉生态环境股份有限公司
300198,纳川股份,福建纳川管材科技股份有限公司
300199,翰宇药业,深圳翰宇药业股份有限公司
300200,高盟新材,北京高盟新材料股份有限公司
300201,海伦哲,徐州海伦哲专用车辆股份有限公司
300202,聚龙股份,聚龙股份有限公司
300203,聚光科技,聚光科技（杭州）股份有限公司
300204,舒泰神,舒泰神(北京)生物制药股份有限公司
300205,天喻信息,武汉天喻信息产业股份有限公司
300206,理邦仪器,深圳市理邦精密仪器股份有限公司
300207,欣旺达,欣旺达电子股份有限公司
300208,恒顺众昇,青岛市恒顺众昇集团股份有限公司
300209,天泽信息,天泽信息产业股份有限公司
300210,森远股份,鞍山森远路桥股份有限公司
300211,亿通科技,江苏亿通高科技股份有限公司
300212,易华录,北京易华录信息技术股份有限公司
300213,佳讯飞鸿,北京佳讯飞鸿电气股份有限公司
300214,日科化学,山东日科化学股份有限公司
300215,电科院,苏州电器科学研究院股份有限公司
300216,千山药机,湖南千山制药机械股份有限公司
300217,东方电热,镇江东方电热科技股份有限公司
300218,安利股份,安徽安利材料科技股份有限公司
300219,鸿利光电,广州市鸿利光电股份有限公司
300220,金运激光,武汉金运激光股份有限公司
300221,银禧科技,广东银禧科技股份有限公司
300222,科大智能,科大智能科技股份有限公司
300223,北京君正,北京君正集成电路股份有限公司
300224,正海磁材,烟台正海磁性材料股份有限公司
300225,金力泰,上海金力泰化工股份有限公司
300226,上海钢联,上海钢联电子商务股份有限公司
300227,光韵达,深圳光韵达光电科技股份有限公司
300228,富瑞特装,张家港富瑞特种装备股份有限公司
300229,拓尔思,北京拓尔思信息技术股份有限公司
300230,永利股份,上海永利带业股份有限公司
300231,银信科技,北京银信长远科技股份有限公司
300232,洲明科技,深圳市洲明科技股份有限公司
300233,金城医药,山东金城医药股份有限公司
300234,开尔新材,浙江开尔新材料股份有限公司
300235,方直科技,深圳市方直科技股份有限公司
300236,上海新阳,上海新阳半导体材料股份有限公司
300237,美晨科技,山东美晨科技股份有限公司
300238,冠昊生物,冠昊生物科技股份有限公司
300239,东宝生物,包头东宝生物技术股份有限公司
300240,飞力达,江苏飞力达国际物流股份有限公司
300241,瑞丰光电,深圳市瑞丰光电子股份有限公司
300242,明家联合,广东明家联合移动科技股份有限公司
300243,瑞丰高材,山东瑞丰高分子材料股份有限公司
300244,迪安诊断,浙江迪安诊断技术股份有限公司
300245,天玑科技,上海天玑科技股份有限公司
300246,宝莱特,广东宝莱特医用科技股份有限公司
300247,乐金健康,安徽乐金健康科技股份有限公司
300248,新开普,新开普电子股份有限公司
300249,依米康,四川依米康环境科技股份有限公司
300250,初灵信息,杭州初灵信息技术股份有限公司
300251,光线传媒,北京光线传媒股份有限公司
300252,金信诺,深圳金信诺高新技术股份有限公司
300253,卫宁健康,卫宁健康科技集团股份有限公司
300254,仟源医药,山西仟源医药集团股份有限公司
300255,常山药业,河北常山生化药业股份有限公司
300256,星星科技,浙江星星科技股份有限公司
300257,开山股份,浙江开山压缩机股份有限公司
300258,精锻科技,江苏太平洋精锻科技股份有限公司
300259,新天科技,新天科技股份有限公司
300260,新莱应材,昆山新莱洁净应用材料股份有限公司
300261,雅本化学,雅本化学股份有限公司
300262,巴安水务,上海巴安水务股份有限公司
300263,隆华节能,洛阳隆华传热节能股份有限公司
300264,佳创视讯,深圳市佳创视讯技术股份有限公司
300265,通光线缆,江苏通光电子线缆股份有限公司
300266,兴源环境,兴源环境科技股份有限公司
300267,尔康制药,湖南尔康制药股份有限公司
300268,万福生科,万福生科（湖南）农业开发股份有限公司
300269,联建光电,深圳市联建光电股份有限公司
300270,中威电子,杭州中威电子股份有限公司
300271,华宇软件,北京华宇软件股份有限公司
300272,开能环保,上海开能环保设备股份有限公司
300273,和佳股份,珠海和佳医疗设备股份有限公司
300274,阳光电源,阳光电源股份有限公司
300275,梅安森,重庆梅安森科技股份有限公司
300276,三丰智能,湖北三丰智能输送装备股份有限公司
300277,海联讯,深圳海联讯科技股份有限公司
300278,华昌达,湖北华昌达智能装备股份有限公司
300279,和晶科技,无锡和晶科技股份有限公司
300280,南通锻压,南通锻压设备股份有限公司
300281,金明精机,广东金明精机股份有限公司
300282,汇冠股份,北京汇冠新技术股份有限公司
300283,温州宏丰,温州宏丰电工合金股份有限公司
300284,苏交科,苏交科集团股份有限公司
300285,国瓷材料,山东国瓷功能材料股份有限公司
300286,安科瑞,安科瑞电气股份有限公司
300287,飞利信,北京飞利信科技股份有限公司
300288,朗玛信息,贵阳朗玛信息技术股份有限公司
300289,利德曼,北京利德曼生化股份有限公司
300290,荣科科技,荣科科技股份有限公司
300291,华录百纳,北京华录百纳影视股份有限公司
300292,吴通控股,吴通控股集团股份有限公司
300293,蓝英装备,沈阳蓝英工业自动化装备股份有限公司
300294,博雅生物,江西博雅生物制药股份有限公司
300295,三六五网,江苏三六五网络股份有限公司
300296,利亚德,利亚德光电股份有限公司
300297,蓝盾股份,蓝盾信息安全技术股份有限公司
300298,三诺生物,三诺生物传感股份有限公司
300299,富春通信,富春通信股份有限公司
300300,汉鼎宇佑,汉鼎宇佑互联网股份有限公司
300301,长方集团,深圳市长方集团股份有限公司
300302,同有科技,北京同有飞骥科技股份有限公司
300303,聚飞光电,深圳市聚飞光电股份有限公司
300304,云意电气,江苏云意电气股份有限公司
300305,裕兴股份,江苏裕兴薄膜科技股份有限公司
300306,远方光电,杭州远方光电信息股份有限公司
300307,慈星股份,宁波慈星股份有限公司
300308,中际装备,山东中际电工装备股份有限公司
300309,吉艾科技,吉艾科技（北京）股份公司
300310,宜通世纪,广东宜通世纪科技股份有限公司
300311,任子行,任子行网络技术股份有限公司
300312,邦讯技术,邦讯技术股份有限公司
300313,天山生物,新疆天山畜牧生物工程股份有限公司
300314,戴维医疗,宁波戴维医疗器械股份有限公司
300315,掌趣科技,北京掌趣科技股份有限公司
300316,晶盛机电,浙江晶盛机电股份有限公司
300317,珈伟股份,深圳珈伟光伏照明股份有限公司
300318,博晖创新,北京博晖创新光电技术股份有限公司
300319,麦捷科技,深圳市麦捷微电子科技股份有限公司
300320,海达股份,江阴海达橡塑股份有限公司
300321,同大股份,山东同大海岛新材料股份有限公司
300322,硕贝德,惠州硕贝德无线科技股份有限公司
300323,华灿光电,华灿光电股份有限公司
300324,旋极信息,北京旋极信息技术股份有限公司
300325,德威新材,江苏德威新材料股份有限公司
300326,凯利泰,上海凯利泰医疗科技股份有限公司
300327,中颖电子,中颖电子股份有限公司
300328,宜安科技,东莞宜安科技股份有限公司
300329,海伦钢琴,海伦钢琴股份有限公司
300330,华虹计通,上海华虹计通智能系统股份有限公司
300331,苏大维格,苏州苏大维格光电科技股份有限公司
300332,天壕环境,天壕环境股份有限公司
300333,兆日科技,深圳兆日科技股份有限公司
300334,津膜科技,天津膜天膜科技股份有限公司
300335,迪森股份,广州迪森热能技术股份有限公司
300336,新文化,上海新文化传媒集团股份有限公司
300337,银邦股份,银邦金属复合材料股份有限公司
300338,开元仪器,长沙开元仪器股份有限公司
300339,润和软件,江苏润和软件股份有限公司
300340,科恒股份,江门市科恒实业股份有限公司
300341,麦迪电气,麦克奥迪（厦门）电气股份有限公司
300342,天银机电,常熟市天银机电股份有限公司
300343,联创互联,山东联创互联网传媒股份有限公司
300344,太空板业,北京太空板业股份有限公司
300345,红宇新材,湖南红宇耐磨新材料股份有限公司
300346,南大光电,江苏南大光电材料股份有限公司
300347,泰格医药,杭州泰格医药科技股份有限公司
300348,长亮科技,深圳市长亮科技股份有限公司
300349,金卡股份,金卡高科技股份有限公司
300350,华鹏飞,深圳市华鹏飞现代物流股份有限公司
300351,永贵电器,浙江永贵电器股份有限公司
300352,北信源,北京北信源软件股份有限公司
300353,东土科技,北京东土科技股份有限公司
300354,东华测试,江苏东华测试技术股份有限公司
300355,蒙草生态,内蒙古蒙草生态环境（集团）股份有限公司
300356,光一科技,光一科技股份有限公司
300357,我武生物,浙江我武生物科技股份有限公司
300358,楚天科技,楚天科技股份有限公司
300359,全通教育,广东全通教育股份有限公司
300360,炬华科技,杭州炬华科技股份有限公司
300362,天翔环境,成都天翔环境股份有限公司
300363,博腾股份,重庆博腾制药科技股份有限公司
300364,中文在线,中文在线数字出版集团股份有限公司
300365,恒华科技,北京恒华伟业科技股份有限公司
300366,创意信息,四川创意信息技术股份有限公司
300367,东方网力,东方网力科技股份有限公司
300368,汇金股份,河北汇金机电股份有限公司
300369,绿盟科技,北京神州绿盟信息安全科技股份有限公司
300370,安控科技,北京安控科技股份有限公司
300371,汇中股份,汇中仪表股份有限公司
300372,欣泰电气,丹东欣泰电气股份有限公司
300373,扬杰科技,扬州扬杰电子科技股份有限公司
300374,恒通科技,北京恒通创新赛木科技股份有限公司
300375,鹏翎股份,天津鹏翎胶管股份有限公司
300376,易事特,易事特集团股份有限公司
300377,赢时胜,深圳市赢时胜信息技术股份有限公司
300378,鼎捷软件,鼎捷软件股份有限公司
300379,东方通,北京东方通科技股份有限公司
300380,安硕信息,上海安硕信息技术股份有限公司
300381,溢多利,广东溢多利生物科技股份有限公司
300382,斯莱克,苏州斯莱克精密设备股份有限公司
300383,光环新网,北京光环新网科技股份有限公司
300384,三联虹普,北京三联虹普新合纤技术服务股份有限公司
300385,雪浪环境,无锡雪浪环境科技股份有限公司
300386,飞天诚信,飞天诚信科技股份有限公司
300387,富邦股份,湖北富邦科技股份有限公司
300388,国祯环保,安徽国祯环保节能科技股份有限公司
300389,艾比森,深圳市艾比森光电股份有限公司
300390,天华超净,苏州天华超净科技股份有限公司
300391,康跃科技,康跃科技股份有限公司
300392,腾信股份,北京腾信创新网络营销技术股份有限公司
300393,中来股份,苏州中来光伏新材股份有限公司
300394,天孚通信,苏州天孚光通信股份有限公司
300395,菲利华,湖北菲利华石英玻璃股份有限公司
300396,迪瑞医疗,长春迪瑞医疗科技股份有限公司
300397,天和防务,西安天和防务技术股份有限公司
300398,飞凯材料,上海飞凯光电材料股份有限公司
300399,京天利,北京无线天利移动信息技术股份有限公司
300400,劲拓股份,深圳市劲拓自动化设备股份有限公司
300401,花园生物,浙江花园生物高科股份有限公司
300402,宝色股份,南京宝色股份公司
300403,地尔汉宇,江门市地尔汉宇电器股份有限公司
300404,博济医药,广州博济医药生物技术股份有限公司
300405,科隆精化,辽宁科隆精细化工股份有限公司
300406,九强生物,北京九强生物技术股份有限公司
300407,凯发电气,天津凯发电气股份有限公司
300408,三环集团,潮州三环（集团）股份有限公司
300409,道氏技术,广东道氏技术股份有限公司
300410,正业科技,广东正业科技股份有限公司
300411,金盾股份,浙江金盾风机股份有限公司
300412,迦南科技,浙江迦南科技股份有限公司
300413,快乐购,快乐购物股份有限公司
300414,中光防雷,四川中光防雷科技股份有限公司
300415,伊之密,广东伊之密精密机械股份有限公司
300416,苏试试验,苏州苏试试验仪器股份有限公司
300417,南华仪器,佛山市南华仪器股份有限公司
300418,昆仑万维,北京昆仑万维科技股份有限公司
300419,浩丰科技,北京浩丰创源科技股份有限公司
300420,五洋科技,徐州五洋科技股份有限公司
300421,力星股份,江苏力星通用钢球股份有限公司
300422,博世科,广西博世科环保科技股份有限公司
300423,鲁亿通,山东鲁亿通智能电气股份有限公司
300424,航新科技,广州航新航空科技股份有限公司
300425,环能科技,四川环能德美科技股份有限公司
300426,唐德影视,浙江唐德影视股份有限公司
300427,红相电力,厦门红相电力设备股份有限公司
300428,四通新材,河北四通新型金属材料股份有限公司
300429,强力新材,常州强力电子新材料股份有限公司
300430,诚益通,北京诚益通控制工程科技股份有限公司
300431,暴风集团,暴风集团股份有限公司
300432,富临精工,绵阳富临精工机械股份有限公司
300433,蓝思科技,蓝思科技股份有限公司
300434,金石东方,四川金石东方新材料设备股份有限公司
300435,中泰股份,杭州中泰深冷技术股份有限公司
300436,广生堂,福建广生堂药业股份有限公司
300437,清水源,河南清水源科技股份有限公司
300438,鹏辉能源,广州鹏辉能源科技股份有限公司
300439,美康生物,宁波美康生物科技股份有限公司
300440,运达科技,成都运达科技股份有限公司
300441,鲍斯股份,宁波鲍斯能源装备股份有限公司
300442,普丽盛,上海普丽盛包装股份有限公司
300443,金雷风电,山东莱芜金雷风电科技股份有限公司
300444,双杰电气,北京双杰电气股份有限公司
300445,康斯特,北京康斯特仪表科技股份有限公司
300446,乐凯新材,保定乐凯新材料股份有限公司
300447,全信股份,南京全信传输科技股份有限公司
300448,浩云科技,浩云科技股份有限公司
300449,汉邦高科,北京汉邦高科数字技术股份有限公司
300450,先导智能,无锡先导智能装备股份有限公司
300451,创业软件,创业软件股份有限公司
300452,山河药辅,安徽山河药用辅料股份有限公司
300453,三鑫医疗,江西三鑫医疗科技股份有限公司
300455,康拓红外,北京康拓红外技术股份有限公司
300456,耐威科技,北京耐威科技股份有限公司
300457,赢合科技,深圳市赢合科技股份有限公司
300458,全志科技,珠海全志科技股份有限公司
300459,浙江金科,浙江金科过氧化物股份有限公司
300460,惠伦晶体,广东惠伦晶体科技股份有限公司
300461,田中精机,浙江田中精机股份有限公司
300462,华铭智能,上海华铭智能终端设备股份有限公司
300463,迈克生物,四川迈克生物科技股份有限公司
300464,星徽精密,广东星徽精密制造股份有限公司
300465,高伟达,高伟达软件股份有限公司
300466,赛摩电气,赛摩电气股份有限公司
300467,迅游科技,四川迅游网络科技股份有限公司
300468,四方精创,深圳四方精创资讯股份有限公司
300469,信息发展,上海中信信息发展股份有限公司
300470,日机密封,四川日机密封件股份有限公司
300471,厚普股份,成都华气厚普机电设备股份有限公司
300472,新元科技,北京万向新元科技股份有限公司
300473,德尔股份,阜新德尔汽车部件股份有限公司
300474,景嘉微,长沙景嘉微电子股份有限公司
300475,聚隆科技,安徽聚隆传动科技股份有限公司
300476,胜宏科技,胜宏科技（惠州）股份有限公司
300477,合纵科技,北京合纵科技股份有限公司
300478,杭州高新,杭州高新橡塑材料股份有限公司
300479,神思电子,神思电子技术股份有限公司
300480,光力科技,郑州光力科技股份有限公司
300481,濮阳惠成,濮阳惠成电子材料股份有限公司
300482,万孚生物,广州万孚生物技术股份有限公司
300483,沃施股份,上海沃施园艺股份有限公司
300484,蓝海华腾,深圳市蓝海华腾技术股份有限公司
300485,赛升药业,北京赛升药业股份有限公司
300486,东杰智能,山西东杰智能物流装备股份有限公司
300487,蓝晓科技,西安蓝晓科技新材料股份有限公司
300488,恒锋工具,恒锋工具股份有限公司
300489,中飞股份,哈尔滨中飞新技术股份有限公司
300490,华自科技,华自科技股份有限公司
300491,通合科技,石家庄通合电子科技股份有限公司
300492,山鼎设计,四川山鼎建筑工程设计股份有限公司
300493,润欣科技,上海润欣科技股份有限公司
300494,盛天网络,湖北盛天网络技术股份有限公司
300495,美尚生态,美尚生态景观股份有限公司
300496,中科创达,中科创达软件股份有限公司
300497,富祥股份,江西富祥药业股份有限公司
300498,温氏股份,广东温氏食品集团股份有限公司
300499,高澜股份,广州高澜节能技术股份有限公司
300500,苏州设计,苏州设计研究院股份有限公司
300501,海顺新材,上海海顺新型药用包装材料股份有限公司
300502,新易盛,成都新易盛通信技术股份有限公司
300503,昊志机电,广州市昊志机电股份有限公司
300505,川金诺,昆明川金诺化工股份有限公司
300506,名家汇,深圳市名家汇科技股份有限公司
300507,苏奥传感,江苏奥力威传感高科股份有限公司
300508,维宏股份,上海维宏电子科技股份有限公司
300509,新美星,江苏新美星包装机械股份有限公司
300510,金冠电气,吉林省金冠电气股份有限公司
300511,雪榕生物,上海雪榕生物科技股份有限公司
300512,中亚股份,杭州中亚机械股份有限公司
300513,恒泰实达,北京恒泰实达科技股份有限公司
300515,三德科技,湖南三德科技股份有限公司
300516,久之洋,湖北久之洋红外系统股份有限公司
300518,盛讯达,深圳市盛讯达科技股份有限公司
300519,新光药业,浙江新光药业股份有限公司